audit_idx,audit_dir,date,surface,slug,title,concern,file,start_line,end_line
1,"2026-04-08-full-workspace","","untrusted-input-surface","serde-skip-value-depth-underflow","skip_value depth counter underflows on leading end-events","significant","crates/yamalgam-serde/src/de.rs",748,765
1,"2026-04-08-full-workspace","","untrusted-input-surface","serde-drain-depth-underflow","SeqAccess::drain and MapAccess::drain miss cross-type end-event guard","significant","crates/yamalgam-serde/src/de.rs",888,902
1,"2026-04-08-full-workspace","","untrusted-input-surface","serde-drain-depth-underflow","SeqAccess::drain and MapAccess::drain miss cross-type end-event guard","significant","crates/yamalgam-serde/src/de.rs",934,949
1,"2026-04-08-full-workspace","","untrusted-input-surface","cst-source-indexing-unclamped","CST insert_whitespace_before indexes source without clamping span offset","moderate","crates/yamalgam-cst/src/lib.rs",488,491
1,"2026-04-08-full-workspace","","untrusted-input-surface","column-as-i32-cast","Scanner casts u32 column to i32 without overflow check","advisory","crates/yamalgam-scanner/src/scanner.rs",1020,1020
1,"2026-04-08-full-workspace","","error-architecture-surface","scanner-error-stringly-typed","ScanError is a stringly-typed bag with no variants","significant","crates/yamalgam-scanner/src/scanner.rs",34,47
1,"2026-04-08-full-workspace","","error-architecture-surface","diagnostic-missing-display-error","Diagnostic lacks Display and std::error::Error impls","significant","crates/yamalgam-core/src/diagnostic.rs",49,62
1,"2026-04-08-full-workspace","","error-architecture-surface","diagnostic-missing-display-error","Diagnostic lacks Display and std::error::Error impls","significant","crates/yamalgam-scanner/src/input.rs",130,130
1,"2026-04-08-full-workspace","","error-architecture-surface","compose-error-stringly-typed","ComposeError variants carry only String, no structured data","moderate","crates/yamalgam-compose/src/lib.rs",19,30
1,"2026-04-08-full-workspace","","error-architecture-surface","serde-error-no-span","Serde Error::Unexpected passes None span at 15+ call sites","moderate","crates/yamalgam-serde/src/error.rs",17,38
1,"2026-04-08-full-workspace","","error-architecture-surface","cst-discards-parse-error","CST handle_error discards ParseError content","advisory","crates/yamalgam-cst/src/lib.rs",545,545
1,"2026-04-08-full-workspace","","panic-discipline-surface","parser-expect-peeked-pattern","Parser uses .expect(+peeked+) after peek_token — 40+ sites","moderate","crates/yamalgam-parser/src/parser.rs",292,292
1,"2026-04-08-full-workspace","","panic-discipline-surface","serde-replay-buffer-unwrap","Deserializer peek methods unwrap replay_buffer.front()","moderate","crates/yamalgam-serde/src/de.rs",268,301
1,"2026-04-08-full-workspace","","panic-discipline-surface","compose-peek-double-unwrap","Composer::peek_event double-unwraps via action-integer pattern","advisory","crates/yamalgam-compose/src/lib.rs",384,384
1,"2026-04-08-full-workspace","","hot-path-surface","parser-dyn-iterator-dispatch","Parser uses Box<dyn Iterator> for token source","significant","crates/yamalgam-parser/src/parser.rs",72,72
1,"2026-04-08-full-workspace","","hot-path-surface","no-inline-cross-crate","Zero #[inline] annotations on hot Reader/Scanner functions","significant","crates/yamalgam-scanner/src/reader.rs",40,42
1,"2026-04-08-full-workspace","","hot-path-surface","no-inline-cross-crate","Zero #[inline] annotations on hot Reader/Scanner functions","significant","crates/yamalgam-scanner/src/reader.rs",49,51
1,"2026-04-08-full-workspace","","hot-path-surface","reader-peek-at-linear-scan","Reader::peek_at() is O(n) per call via chars().nth(n)","significant","crates/yamalgam-scanner/src/reader.rs",49,51
1,"2026-04-08-full-workspace","","hot-path-surface","release-no-lto","Release profile has no LTO — benchmarks misrepresent release perf","moderate","Cargo.toml",57,58
1,"2026-04-08-full-workspace","","hot-path-surface","resolver-on-event-returns-vec","Resolver::on_event allocates Vec per event on passthrough path","moderate","crates/yamalgam-parser/src/resolve.rs",93,96
1,"2026-04-08-full-workspace","","hot-path-surface","serde-peek-clone-event","Serde deserializer clones Event on every peek-then-consume","moderate","crates/yamalgam-serde/src/de.rs",375,375
1,"2026-04-08-full-workspace","","hot-path-surface","scanner-purge-vec-alloc","purge_stale_simple_keys() allocates Vec<u64> on every token fetch","moderate","crates/yamalgam-scanner/src/scanner.rs",591,615
1,"2026-04-08-full-workspace","","hot-path-surface","serde-anchor-buffer-clone","Anchored events cloned twice during anchor buffering","moderate","crates/yamalgam-serde/src/de.rs",196,222
1,"2026-04-08-full-workspace","","supply-chain-surface","figment-pulls-serde-yaml","figment yaml feature pulls deprecated serde_yaml into every crate","significant","crates/yamalgam-core/Cargo.toml",37,37
1,"2026-04-08-full-workspace","","supply-chain-surface","unused-declared-dependencies","7 unused dependencies across 4 crates","moderate","crates/yamalgam-scanner/Cargo.toml",14,14
1,"2026-04-08-full-workspace","","supply-chain-surface","unused-declared-dependencies","7 unused dependencies across 4 crates","moderate","crates/yamalgam-compare/Cargo.toml",12,14
1,"2026-04-08-full-workspace","","supply-chain-surface","unused-declared-dependencies","7 unused dependencies across 4 crates","moderate","crates/yamalgam-serde/Cargo.toml",17,17
1,"2026-04-08-full-workspace","","supply-chain-surface","unused-declared-dependencies","7 unused dependencies across 4 crates","moderate","crates/yamalgam-bench/Cargo.toml",13,23
1,"2026-04-08-full-workspace","","supply-chain-surface","unused-dev-dependencies","pretty_assertions unused in 4 crates","advisory","crates/yamalgam-scanner/Cargo.toml",18,18
1,"2026-04-08-full-workspace","","supply-chain-surface","unused-dev-dependencies","pretty_assertions unused in 4 crates","advisory","crates/yamalgam-compare/Cargo.toml",21,21
1,"2026-04-08-full-workspace","","supply-chain-surface","unused-dev-dependencies","pretty_assertions unused in 4 crates","advisory","crates/yamalgam-compose/Cargo.toml",20,20
1,"2026-04-08-full-workspace","","supply-chain-surface","unused-dev-dependencies","pretty_assertions unused in 4 crates","advisory","crates/yamalgam-serde/Cargo.toml",22,22
1,"2026-04-08-full-workspace","","supply-chain-surface","stale-deny-advisory","deny.toml ignores RUSTSEC-2023-0051 which is no longer matched","advisory","deny.toml",61,61
1,"2026-04-08-full-workspace","","api-design-surface","mapping-missing-intoiterator","Mapping lacks IntoIterator impls","moderate","crates/yamalgam-core/src/value.rs",54,112
1,"2026-04-08-full-workspace","","api-design-surface","value-get-allocates","Value::get(&str) heap-allocates on every lookup","moderate","crates/yamalgam-core/src/value.rs",129,133
1,"2026-04-08-full-workspace","","api-design-surface","resource-limits-not-copy","ResourceLimits is Clone but not Copy despite qualifying","advisory","crates/yamalgam-core/src/loader.rs",1,1
2,"2026-08-03-18-m10-query-yg","","yaml-round-trip","flow-context-plain-scalar-injection","Quoting ignores flow context, so a scalar containing a comma splits into two values on re-parse","critical","crates/yamalgam-query/src/value.rs",705,727
2,"2026-08-03-18-m10-query-yg","","yaml-round-trip","alias-metadata-survives-mutation-dropping-edits","Mutating through an alias keeps alias_of, and the emitter re-emits *anchor, silently discarding the edit","critical","crates/yamalgam-query/src/valt.rs",199,205
2,"2026-08-03-18-m10-query-yg","","yaml-round-trip","emitter-quoting-ignores-active-schema","Output quoting is hard-wired to the 1.2 core schema, so a string emitted under --schema 1.1 re-reads as a boolean","significant","crates/yamalgam-query/src/value.rs",705,713
2,"2026-08-03-18-m10-query-yg","","yaml-round-trip","json-nonstring-keys-collide","JSON emission stringifies non-string mapping keys via Display, silently colliding with real string keys","significant","crates/yamalgam-query/src/emit/json.rs",76,81
2,"2026-08-03-18-m10-query-yg","","yaml-round-trip","plain-scalar-control-characters","needs_quotes treats only LF and TAB as unsafe, so CR and other control characters reach plain scalars","moderate","crates/yamalgam-query/src/value.rs",717,726
2,"2026-08-03-18-m10-query-yg","","yaml-round-trip","stale-raw-metadata-after-string-splice","String slice assignment rewrites content but leaves Meta.raw holding the pre-edit source text","moderate","crates/yamalgam-query/src/valt.rs",300,307
2,"2026-08-03-18-m10-query-yg","","in-place-editing","in-place-empty-output-truncates-file","yg -i persists the temporary file unconditionally, so a filter yielding no output truncates the input to zero bytes","critical","crates/yamalgam/src/commands/query.rs",172,203
2,"2026-08-03-18-m10-query-yg","","in-place-editing","in-place-replaces-symlinks-and-drops-ownership","Atomic replace renames over the path, so symlinks are replaced and hard links broken; only mode is preserved","moderate","crates/yamalgam/src/commands/query.rs",190,203
2,"2026-08-03-18-m10-query-yg","","in-place-editing","in-place-multi-file-partial-application","A mid-stream failure during yg -i leaves earlier files rewritten with no rollback and no report","moderate","crates/yamalgam/src/commands/query.rs",152,157
2,"2026-08-03-18-m10-query-yg","","in-place-editing","slurp-silently-per-file-under-in-place","--slurp silently degrades to per-file slurping under -i, diverging from a MUST NOT clause","moderate","crates/yamalgam/src/commands/query.rs",154,157
2,"2026-08-03-18-m10-query-yg","","in-place-editing","in-place-with-from-file-rejected-by-clap","requires = +files+ makes -i unusable with -f, and duplicates a runtime check that is more accurate","moderate","crates/yamalgam/src/lib.rs",111,114
2,"2026-08-03-18-m10-query-yg","","resource-bounds","yaml-bomb-materialized-by-emitters","The alias-expansion limit counts parser events, not materialized nodes, so both emitters expand the shared DAG unbounded","critical","crates/yamalgam-query/src/build.rs",154,171
2,"2026-08-03-18-m10-query-yg","","resource-bounds","filter-constructed-values-recurse-without-depth-bound","Emitters, Display, Hash and drop glue recurse over filter-constructed values with no depth limit","significant","crates/yamalgam-query/src/emit/json.rs",24,35
2,"2026-08-03-18-m10-query-yg","","resource-bounds","map-index-allocates-directly-from-untrusted-index","Assignment to a large sequence index allocates from the filter-supplied integer with no ceiling","significant","crates/yamalgam-query/src/valt.rs",178,187
2,"2026-08-03-18-m10-query-yg","","resource-bounds","fromjson-ignores-configured-limits","fromjson hard-codes moderate limits and uses the full YAML parser, bypassing --strict","moderate","crates/yamalgam-query/src/funs.rs",312,328
2,"2026-08-03-18-m10-query-yg","","process-contract","null-input-still-blocks-on-stdin","-n/--null-input reads standard input to EOF before running, so yg -n hangs on a terminal","significant","crates/yamalgam/src/commands/query.rs",242,249
2,"2026-08-03-18-m10-query-yg","","process-contract","stdout-epipe-becomes-runtime-error","A closed stdout is reported as a runtime error with exit 5 and an OS error on stderr","moderate","crates/yamalgam/src/commands/query.rs",110,122
2,"2026-08-03-18-m10-query-yg","","process-contract","exit-code-mapping-diverges-from-spec","halt(-1) clamps to exit 0, input errors take the runtime code, and pre-pipeline failures take the -e code","moderate","crates/yamalgam/src/commands/query.rs",389,396
2,"2026-08-03-18-m10-query-yg","","process-contract","halt-prints-a-spurious-error-line","report() prints +yg: halt+ to stderr on the halt path, including when halt exits 0","moderate","crates/yamalgam/src/commands/query.rs",380,383
2,"2026-08-03-18-m10-query-yg","","process-contract","runtime-errors-drop-document-and-file-identity","Filter runtime errors are stringified without the filename or document index already in scope","moderate","crates/yamalgam-query/src/engine.rs",180,187
2,"2026-08-03-18-m10-query-yg","","filter-parameterization","no-argument-binding-forces-filter-concatenation","with_global_vars is wired to an empty slice — there is no --arg, so values must be concatenated into filter text","moderate","crates/yamalgam-query/src/engine.rs",129,137
2,"2026-08-03-18-m10-query-yg","","filter-parameterization","env-filter-registered-unconditionally","all_funs registers jaq-std's env, exposing the process environment to any compiled filter","advisory","crates/yamalgam-query/src/funs.rs",11,22
2,"2026-08-03-18-m10-query-yg","","value-model","no-public-read-access-to-yamlval","YamlVal can be constructed and parsed from outside the crate but not read — no accessor reaches Bool, Int, Float, Seq or Map","advisory","crates/yamalgam-query/src/value.rs",71,75
2,"2026-08-03-18-m10-query-yg","","value-model","input-meta-refcell-races-with-input-lookahead","RunCtx.input_meta is written by the input iterator, so input/inputs lookahead makes filename report the wrong document","moderate","crates/yamalgam/src/commands/query.rs",85,89
2,"2026-08-03-18-m10-query-yg","","value-model","integer-only-indexing-diverges-from-equal-float-values","Indexing and slicing accept only Data::Int, so a float that compares equal to an integer is a type error","moderate","crates/yamalgam-query/src/valt.rs",331,336
2,"2026-08-03-18-m10-query-yg","","value-model","run-filter-signature-overconstrains-callers","run_filter requires 'static inputs and a String error channel that jaq itself does not require","moderate","crates/yamalgam-query/src/engine.rs",157,163
2,"2026-08-03-18-m10-query-yg","","value-model","rc-makes-value-model-non-send","Rc throughout YamlVal makes the whole value model !Send, foreclosing parallel consumers","advisory","crates/yamalgam-query/src/value.rs",71,75
2,"2026-08-03-18-m10-query-yg","","emission-performance","yaml-inline-emitter-string-per-node","Flow emission allocates a String per node and copies each subtree into its parent","moderate","crates/yamalgam-query/src/emit/yaml.rs",191,191
2,"2026-08-03-18-m10-query-yg","","emission-performance","yaml-inline-emitter-string-per-node","Flow emission allocates a String per node and copies each subtree into its parent","moderate","crates/yamalgam-query/src/emit/yaml.rs",390,392
2,"2026-08-03-18-m10-query-yg","","emission-performance","needs-quotes-copies-every-scalar-it-inspects","needs_quotes allocates a full copy of each scalar just to test its resolved type","moderate","crates/yamalgam-query/src/value.rs",705,713
2,"2026-08-03-18-m10-query-yg","","emission-performance","emitter-anchor-table-is-a-linear-scanned-vec","Emitted-anchor lookup is a linear Vec<String> scan run several times per node","moderate","crates/yamalgam-query/src/emit/yaml.rs",321,326
2,"2026-08-03-18-m10-query-yg","","emission-performance","query-cli-materializes-all-inputs-before-filtering","The CLI parses every document of every input file into memory before the filter runs","moderate","crates/yamalgam/src/commands/query.rs",242,249
2,"2026-08-03-18-m10-query-yg","","spec-conformance","alias-audit-skips-mapping-keys","aliases and orphan_anchors never inspect mapping keys, so key anchors and key aliases are invisible","moderate","crates/yamalgam-query/src/value.rs",517,523
2,"2026-08-03-18-m10-query-yg","","spec-conformance","regex-is-not-pcre","Regex filters are backed by regex-bites, not the PCRE-compatible engine the spec promises","moderate","docs/spec/yg-query-language-spec-draft-01.md",265,266
2,"2026-08-03-18-m10-query-yg","","supply-chain","release-check-runs-cargo-deny-without-config","The pre-release recipe runs bare cargo deny check, which falls back to built-in defaults and fails","moderate",".justfile",176,180
2,"2026-08-03-18-m10-query-yg","","supply-chain","jaq-trait-coupling-outruns-version-constraint","The crate implements two of jaq's own traits but pins jaq with a caret range that admits minor upgrades","advisory","crates/yamalgam-query/Cargo.toml",12,14
2,"2026-08-03-18-m10-query-yg","","supply-chain","unused-dev-dep-pretty-assertions","pretty_assertions is declared as a dev-dependency but not used by any test","note","crates/yamalgam-query/Cargo.toml",20,22
3,"2026-08-03-21-m10-fresh","","emitter-and-expansion","emitter-replays-tags-verbatim","YAML emitter writes node tags verbatim, allowing structure injection from a crafted tag","significant","crates/yamalgam-query/src/emit/yaml.rs",422,430
3,"2026-08-03-21-m10-fresh","","emitter-and-expansion","emitter-replays-tags-verbatim","YAML emitter writes node tags verbatim, allowing structure injection from a crafted tag","significant","crates/yamalgam-query/src/emit/yaml.rs",360,366
3,"2026-08-03-21-m10-fresh","","emitter-and-expansion","emitter-replays-tags-verbatim","YAML emitter writes node tags verbatim, allowing structure injection from a crafted tag","significant","crates/yamalgam-query/src/value.rs",379,398
3,"2026-08-03-21-m10-fresh","","emitter-and-expansion","explode-aliases-unbounded-expansion","explode_aliases materializes the alias DAG with no resource limits (Billion Laughs)","significant","crates/yamalgam-query/src/value.rs",503,526
3,"2026-08-03-21-m10-fresh","","emitter-and-expansion","emitter-omits-c1-control-escapes","Double-quote escaping omits DEL and C1 controls, emitting characters YAML forbids","moderate","crates/yamalgam-query/src/value.rs",865,887
3,"2026-08-03-21-m10-fresh","","emitter-and-expansion","emitter-plain-document-end-marker","A string of `...` is emitted unquoted, becoming a document-end marker","moderate","crates/yamalgam-query/src/value.rs",832,849
3,"2026-08-03-21-m10-fresh","","emitter-and-expansion","runtime-limits-cover-three-call-sites","Filter-constructed collections bypass the configured resource limits","advisory","crates/yamalgam-query/src/value.rs",685,690
3,"2026-08-03-21-m10-fresh","","emitter-and-expansion","runtime-limits-cover-three-call-sites","Filter-constructed collections bypass the configured resource limits","advisory","crates/yamalgam-query/src/runtime_limits.rs",19,25
3,"2026-08-03-21-m10-fresh","","emitter-and-expansion","env-access-always-compiled-in","The `env` filter is always available; the sandboxed compile option is unreachable from the CLI","advisory","crates/yamalgam-query/src/engine.rs",36,40
3,"2026-08-03-21-m10-fresh","","emitter-and-expansion","env-access-always-compiled-in","The `env` filter is always available; the sandboxed compile option is unreachable from the CLI","advisory","crates/yamalgam-query/src/engine.rs",161,163
3,"2026-08-03-21-m10-fresh","","error-and-panic","value-tree-recursion-has-no-depth-bound","Recursive YamlVal traversals have no depth bound; only the Drop path is iterative","moderate","crates/yamalgam-query/src/value.rs",505,526
3,"2026-08-03-21-m10-fresh","","error-and-panic","input-error-class-flattened-through-string","Input errors round-trip through String, collapsing every class to InputParse (exit 5)","moderate","crates/yamalgam-query/src/engine.rs",226,230
3,"2026-08-03-21-m10-fresh","","error-and-panic","growth-operators-bypass-runtime-limits","runtime_limits guards string repeat but not concatenation or sequence growth","moderate","crates/yamalgam-query/src/ops.rs",57,69
3,"2026-08-03-21-m10-fresh","","error-and-panic","into-string-substitutes-error-text-as-data","ValT::into_string turns an emit error into a plausible string value","moderate","crates/yamalgam-query/src/valt.rs",350,356
3,"2026-08-03-21-m10-fresh","","error-and-panic","halt-exit-code-truncated-to-u8","halt(code) exit status truncates to u8, mapping halt(256) to success","advisory","crates/yamalgam/src/commands/query.rs",610,619
3,"2026-08-03-21-m10-fresh","","error-and-panic","build-invariant-errors-labeled-as-limit","Parser invariant violations are reported as BuildError::Limit","advisory","crates/yamalgam-query/src/build.rs",172,174
3,"2026-08-03-21-m10-fresh","","error-and-panic","in-place-chown-failure-aborts-the-edit","-i aborts on any file whose owner or group the caller cannot reproduce","advisory","crates/yamalgam/src/commands/query.rs",326,337
3,"2026-08-03-21-m10-fresh","","error-and-panic","unreachable-macros-guard-unstated-invariants","unreachable!() in the emitter and builder encode invariants nothing asserts","note","crates/yamalgam-query/src/emit/yaml.rs",74,80
3,"2026-08-03-21-m10-fresh","","allocation-and-throughput","build-raw-metadata-duplicates-every-scalar","Every scalar's bytes are stored twice: once as Data::Str, once as Meta::raw","significant","crates/yamalgam-query/src/build.rs",189,207
3,"2026-08-03-21-m10-fresh","","allocation-and-throughput","resolver-allocates-throwaway-string-per-scalar","Plain-scalar resolution allocates a String that is immediately copied into an Rc and dropped","moderate","crates/yamalgam-query/src/build.rs",246,257
3,"2026-08-03-21-m10-fresh","","allocation-and-throughput","json-emitter-allocates-indent-and-triple-allocates-keys","JSON emitter builds a fresh indent String per node and allocates each key three times","moderate","crates/yamalgam-query/src/emit/json.rs",79,98
3,"2026-08-03-21-m10-fresh","","allocation-and-throughput","yaml-emitter-paint-copies-every-scalar-when-color-is-off","paint() allocates a copy of every scalar even when color is disabled","moderate","crates/yamalgam-query/src/emit/yaml.rs",413,419
3,"2026-08-03-21-m10-fresh","","allocation-and-throughput","cli-output-is-unbuffered","yg writes to line-buffered stdout and to a raw File for -i, costing a syscall per output value","moderate","crates/yamalgam/src/commands/query.rs",80,82
3,"2026-08-03-21-m10-fresh","","allocation-and-throughput","mapping-entries-collected-into-vec-per-emit","Every mapping is collected into a fresh Vec on emit even when sort_keys is off","advisory","crates/yamalgam-query/src/emit/yaml.rs",328,334
3,"2026-08-03-21-m10-fresh","","allocation-and-throughput","emit-validation-walks-the-tree-a-second-time","Every emitted value is traversed twice, and each anchor name is copied into a String","advisory","crates/yamalgam-query/src/emit/mod.rs",66,73
3,"2026-08-03-21-m10-fresh","","allocation-and-throughput","ygmap-drop-allocates-a-vec-per-mapping","The stack-safe Drop for YgMap heap-allocates on every mapping destruction, including tiny maps","advisory","crates/yamalgam-query/src/value.rs",117,125
3,"2026-08-03-21-m10-fresh","","allocation-and-throughput","substring-values-are-allocated-twice","jaq_std substring construction allocates a String and then copies it into an Rc<str>","advisory","crates/yamalgam-query/src/valt.rs",468,475
3,"2026-08-03-21-m10-fresh","","allocation-and-throughput","slice-bound-keys-allocated-on-every-index","Slice bound lookups allocate two Rc<str> keys per index operation","note","crates/yamalgam-query/src/valt.rs",87,94
3,"2026-08-03-21-m10-fresh","","allocation-and-throughput","cli-materializes-every-document-in-a-file-before-emitting","Whole-file read plus a whole-file document vector gives up streaming for multi-document input","advisory","crates/yamalgam-query/src/build.rs",24,38
3,"2026-08-03-21-m10-fresh","","value-model-and-api","as-bool-inherent-shadows-jaq-truthiness","Inherent `as_bool` shadows `jaq_core::ValT::as_bool` with incompatible semantics","moderate","crates/yamalgam-query/src/value.rs",211,218
3,"2026-08-03-21-m10-fresh","","value-model-and-api","internal-value-representation-is-public","`Data`, `YgSeq`, and `YgMap` are public but unreachable from `YamlVal`","moderate","crates/yamalgam-query/src/value.rs",36,48
3,"2026-08-03-21-m10-fresh","","value-model-and-api","keys-returns-boxed-trait-object","`keys()` boxes a trait object and hides the not-a-mapping case","advisory","crates/yamalgam-query/src/value.rs",582,588
3,"2026-08-03-21-m10-fresh","","value-model-and-api","run-records-static-bound-forces-clones","`'static` bound on `run_records` forces cloning args and config per run","moderate","crates/yamalgam/src/commands/query.rs",103,116
3,"2026-08-03-21-m10-fresh","","value-model-and-api","three-bool-parameters-at-command-boundary","Three positional `bool` parameters at the query entry point","moderate","crates/yamalgam/src/commands/query.rs",26,31
3,"2026-08-03-21-m10-fresh","","value-model-and-api","emit-opts-mixes-emitter-specific-options","`EmitOpts.color` is silently ignored by the JSON emitter and `EmitFormat` is unusable","advisory","crates/yamalgam-query/src/emit/mod.rs",36,51
3,"2026-08-03-21-m10-fresh","","value-model-and-api","public-enums-lack-non-exhaustive","Public error enums and options struct are exhaustively matchable before publish","note","crates/yamalgam-query/src/error.rs",28,33
3,"2026-08-03-21-m10-fresh","","value-model-and-api","resolves-as-string-overrides-restate-resolution","`resolves_as_string` overrides restate resolution logic under a thin equivalence test","note","crates/yamalgam-core/src/tag_resolution.rs",20,28
3,"2026-08-03-21-m10-fresh","","spec-conformance","yg-color-flags-replaced-without-spec-amendment","Spec's `-C`/`-M` color flags are absent, and `-C` now means `--chdir`","advisory","docs/spec/yg-query-language-spec-draft-01.md",520,521
3,"2026-08-03-21-m10-fresh","","spec-conformance","sandboxed-compile-options-unreachable-from-cli","`CompileOptions::sandboxed()` is public and tested but no shipped code path uses it","advisory","crates/yamalgam-query/src/engine.rs",21,40
3,"2026-08-03-21-m10-fresh","","spec-conformance","spec-features-deferred-while-spec-text-still-promises-them","Draft-01 still asserts `chomping`, `===`/`!==`, and `--allow-includes`/`--allow-refs` unconditionally","note","docs/spec/yg-query-language-spec-draft-01.md",534,538
3,"2026-08-03-21-m10-fresh","","spec-conformance","resolved-type-is-an-exact-alias-of-type","`resolved_type` and `type` are the same function with no note explaining why","note","crates/yamalgam-query/src/funs.rs",150,153
3,"2026-08-03-21-m10-fresh","","spec-conformance","in-place-conflicts-diverge-from-plan-undocumented","`-i` hard-conflicts with `-j`, `-s`, and `-n`, reversing the plan's stated decision","note","crates/yamalgam/src/lib.rs",119,126
3,"2026-08-03-21-m10-fresh","","spec-conformance","subcommand-name-shadowing-not-documented-in-help","Filters named `doctor` or `info` dispatch as subcommands with no help-text warning","note","crates/yamalgam/src/lib.rs",31,36
3,"2026-08-03-21-m10-fresh","","supply-chain","librebar-default-features-not-disabled","librebar feature list is a no-op subset of its defaults, silently enabling crash + cache","moderate","crates/yamalgam/Cargo.toml",42,54
3,"2026-08-03-21-m10-fresh","","supply-chain","yg-ships-competing-yaml-parser-for-its-own-config","Interim before the librebar-yamalgam config swap: yg reads its config with a 507KiB foreign YAML stack whose 1.0.0 is three days old","moderate","Cargo.lock",515,518
3,"2026-08-03-21-m10-fresh","","supply-chain","yg-ships-competing-yaml-parser-for-its-own-config","Interim before the librebar-yamalgam config swap: yg reads its config with a 507KiB foreign YAML stack whose 1.0.0 is three days old","moderate","Cargo.lock",1135,1138
3,"2026-08-03-21-m10-fresh","","supply-chain","jaq-std-time-feature-bundles-tzdb","jaq-std default features pull jiff and the full IANA tzdb for date builtins the spec never asks for","moderate","crates/yamalgam-query/Cargo.toml",11,19
3,"2026-08-03-21-m10-fresh","","supply-chain","jaq-exact-pins-block-patch-updates","Exact `=` pins on jaq-core and jaq-std make patch and security updates a manual manifest edit","advisory","crates/yamalgam-query/Cargo.toml",13,14
3,"2026-08-03-21-m10-fresh","","supply-chain","serde-json-redundant-in-yaml-native-engine","`fromjson` parses through serde_json in a crate that already owns a YAML 1.2 parser","moderate","crates/yamalgam-query/src/funs.rs",310,314
3,"2026-08-03-21-m10-fresh","","supply-chain","librebar-upgrade-expands-trust-boundary","librebar 0.1 to 0.4 adds two single-maintainer 0.x crates to the shipped yg binary","advisory","crates/yamalgam/Cargo.toml",46,46
3,"2026-08-03-21-m10-fresh","","supply-chain","geiger-census-produced-no-unsafe-data","cargo-geiger baseline is empty — every crate section aborted before emitting a census","advisory",".crustoleum/geiger.txt",1205,1207
3,"2026-08-03-21-m10-fresh","","supply-chain","deny-advisory-ignore-matches-only-under-all-features","RUSTSEC-2023-0051 allowlist entry is live only under --all-features, dead otherwise","note",".config/deny.toml",53,58
4,"2026-08-04-16-m10-post-remediation","","loading-and-composition","composer-default-path-has-unbounded-recursion","Default composition recursively descends untrusted YAML without a depth bound","significant","crates/yamalgam-compose/src/lib.rs",272,285
4,"2026-08-04-16-m10-post-remediation","","loading-and-composition","serde-default-disables-loader-limits","The default serde entry point explicitly disables every loader limit","significant","crates/yamalgam-serde/src/de.rs",52,59
4,"2026-08-04-16-m10-post-remediation","","loading-and-composition","cst-recursive-traversals-have-no-depth-bound","CST traversal and destruction remain recursively stack-bound","significant","crates/yamalgam-cst/src/lib.rs",141,152
4,"2026-08-04-16-m10-post-remediation","","loading-and-composition","composer-mapping-insertion-is-quadratic","Composer mapping insertion is quadratic in mapping width","significant","crates/yamalgam-core/src/value.rs",67,77
4,"2026-08-04-16-m10-post-remediation","","loading-and-composition","composer-mapping-insertion-is-quadratic","Composer mapping insertion is quadratic in mapping width","significant","crates/yamalgam-compose/src/lib.rs",296,317
4,"2026-08-04-16-m10-post-remediation","","loading-and-composition","composer-alias-deep-clone-is-size-unbudgeted","Alias expansion deep-clones entire DOM subtrees under a count-only budget","significant","crates/yamalgam-compose/src/lib.rs",343,355
4,"2026-08-04-16-m10-post-remediation","","loading-and-composition","composer-alias-deep-clone-is-size-unbudgeted","Alias expansion deep-clones entire DOM subtrees under a count-only budget","significant","crates/yamalgam-core/src/value.rs",23,41
4,"2026-08-04-16-m10-post-remediation","","error-preservation","flow-pair-finalization-swallows-scanner-errors","Synthetic flow-pair finalization consumes scanner errors while calculating a span","moderate","crates/yamalgam-parser/src/parser.rs",1167,1179
4,"2026-08-04-16-m10-post-remediation","","error-preservation","cst-discards-parse-error","CST recovery discards the only structured parse error","moderate","crates/yamalgam-cst/src/lib.rs",548,548
4,"2026-08-04-16-m10-post-remediation","","error-preservation","from-reader-erases-io-errors","Serde from_reader erases I/O failures into the Custom data-error variant","moderate","crates/yamalgam-serde/src/lib.rs",84,91
4,"2026-08-04-16-m10-post-remediation","","public-api-and-types","borrowed-value-get-allocates-key","Borrowed string lookup allocates an owned Value key","advisory","crates/yamalgam-core/src/value.rs",128,134
4,"2026-08-04-16-m10-post-remediation","","public-api-and-types","serde-peek-clones-owned-event","Serde unit deserialization clones an event before consuming the same event","advisory","crates/yamalgam-serde/src/de.rs",647,656
4,"2026-08-04-16-m10-post-remediation","","public-api-and-types","custom-tag-resolver-requires-static","Synchronous custom tag resolution unnecessarily requires a static resolver","advisory","crates/yamalgam-compose/src/lib.rs",106,123
4,"2026-08-04-16-m10-post-remediation","","public-api-and-types","mapping-omits-intoiterator","Mapping exposes iterator methods but omits standard IntoIterator implementations","note","crates/yamalgam-core/src/value.rs",86,99
4,"2026-08-04-16-m10-post-remediation","","public-api-and-types","mapping-default-manually-matches-derive","Mapping manually implements the same Default that derive would generate","note","crates/yamalgam-core/src/value.rs",114,118
4,"2026-08-04-16-m10-post-remediation","","public-api-and-types","compare-streams-use-index-loops","Stream comparison manually indexes two slices in lockstep","note","crates/yamalgam-compare/src/compare.rs",66,77
4,"2026-08-04-16-m10-post-remediation","","public-api-and-types","with-variables-collect-target-inferred","with_variables relies on distant field inference for collect","note","crates/yamalgam-query/src/engine.rs",103,107
4,"2026-08-04-16-m10-post-remediation","","feature-completeness","resolver-middleware-cannot-reach-most-documented-consumers","Resolver middleware cannot reach the documented CST and serde consumers","significant","crates/yamalgam-serde/src/de.rs",22,28
4,"2026-08-04-16-m10-post-remediation","","feature-completeness","loader-resolution-policy-is-entirely-unwired","Deferred loader resolution policy is publicly accepted but never enforced","advisory","crates/yamalgam-core/src/loader.rs",32,48
4,"2026-08-04-16-m10-post-remediation","","feature-completeness","loader-resolution-policy-is-entirely-unwired","Deferred loader resolution policy is publicly accepted but never enforced","advisory","docs/decisions/0006-loaderconfig-for-resource-limits-and-security-policy.md",152,156
4,"2026-08-04-16-m10-post-remediation","","feature-completeness","loader-resolution-policy-is-entirely-unwired","Deferred loader resolution policy is publicly accepted but never enforced","advisory","docs/plans/README.md",152,155
4,"2026-08-04-16-m10-post-remediation","","feature-completeness","lossless-cst-corrupts-eight-valid-flow-documents","The lossless CST duplicates closing tokens in eight valid YAML cases","significant","crates/yamalgam-compare/tests/cst_round_trip.rs",13,34
4,"2026-08-04-16-m10-post-remediation","","feature-completeness","config-template-advertises-silently-ignored-settings","The shipped configuration template advertises settings the CLI deliberately ignores","moderate","config/yamalgam.toml.example",33,52
4,"2026-08-04-16-m10-post-remediation","","feature-completeness","multidocument-rustdoc-example-is-never-compiled","The sole multi-document rustdoc example is ignored and incomplete","note","crates/yamalgam-serde/src/de.rs",87,100
4,"2026-08-04-16-m10-post-remediation","","runtime-performance","query-builder-rewalks-every-completed-node","The query builder allocates a depth stack and rewalks every completed node","significant","crates/yamalgam-query/src/value.rs",210,230
4,"2026-08-04-16-m10-post-remediation","","runtime-performance","query-builder-rewalks-every-completed-node","The query builder allocates a depth stack and rewalks every completed node","significant","crates/yamalgam-query/src/build.rs",287,292
4,"2026-08-04-16-m10-post-remediation","","runtime-performance","identity-inventory-allocates-path-node-per-map-key","Identity inventory builds a heap-backed YAML path node for every mapping key","advisory","crates/yamalgam-query/src/value.rs",763,780
4,"2026-08-04-16-m10-post-remediation","","runtime-performance","string-range-retains-intermediate-string","String slicing allocates and copies through an intermediate String","advisory","crates/yamalgam-query/src/valt.rs",135,150
4,"2026-08-04-16-m10-post-remediation","","runtime-performance","string-range-retains-intermediate-string","String slicing allocates and copies through an intermediate String","advisory","crates/yamalgam-query/src/valt.rs",477,484
4,"2026-08-04-16-m10-post-remediation","","runtime-performance","parser-consumers-erase-concrete-hot-path-types","Parser consumers erase concrete event and resolver types on hot paths","note","crates/yamalgam-serde/src/de.rs",22,26
4,"2026-08-04-16-m10-post-remediation","","runtime-performance","parser-consumers-erase-concrete-hot-path-types","Parser consumers erase concrete event and resolver types on hot paths","note","crates/yamalgam-parser/src/resolve.rs",125,136
4,"2026-08-04-16-m10-post-remediation","","runtime-performance","parser-consumers-erase-concrete-hot-path-types","Parser consumers erase concrete event and resolver types on hot paths","note","crates/yamalgam-compose/src/lib.rs",97,102
4,"2026-08-04-16-m10-post-remediation","","runtime-performance","scanner-error-branches-remain-in-hot-functions","Scanner error construction remains inline in tokenization hot loops","note","crates/yamalgam-scanner/src/scanner.rs",354,375
4,"2026-08-04-16-m10-post-remediation","","supply-chain","xtask-unused-serde-and-toml","xtask retains two unused direct dependencies","note","xtask/Cargo.toml",14,15
4,"2026-08-04-16-m10-post-remediation","","supply-chain","yamlstar-pulls-unmaintained-dlopen-derive","Optional yamlstar benchmarks retain an unmaintained proc-macro dependency","advisory",".config/deny.toml",55,58
5,"2026-08-08-15-m10-fresh","","resource-limit-error-contract","resource-limit-checks-return-unstructured-strings","Public resource-limit checks erase structured limit details into strings","moderate","crates/yamalgam-core/src/loader.rs",224,234
5,"2026-08-08-15-m10-fresh","","comparison-fixture-input","compare-tree-parser-panics-on-nonascii-style","The public tree-format parser panics on a non-ASCII style character","moderate","crates/yamalgam-compare/src/tree_format.rs",202,215
5,"2026-08-08-15-m10-fresh","","comparison-fixture-input","test-suite-extractor-slices-inside-unicode-indentation","Unicode indentation can panic the YAML Test Suite extractor","moderate","crates/yamalgam-compare/src/test_case.rs",100,113
5,"2026-08-08-15-m10-fresh","","repository-dependency-policy","fuzz-workspace-escapes-dependency-policy","The excluded fuzz graph bypasses dependency policy and retains a stale lockfile","advisory",".justfile",20,22
5,"2026-08-08-15-m10-fresh","","repository-dependency-policy","fuzz-workspace-escapes-dependency-policy","The excluded fuzz graph bypasses dependency policy and retains a stale lockfile","advisory","Cargo.toml",1,4
5,"2026-08-08-15-m10-fresh","","repository-dependency-policy","fuzz-workspace-escapes-dependency-policy","The excluded fuzz graph bypasses dependency policy and retains a stale lockfile","advisory","fuzz/Cargo.toml",1,12
5,"2026-08-08-15-m10-fresh","","repository-dependency-policy","fuzz-workspace-escapes-dependency-policy","The excluded fuzz graph bypasses dependency policy and retains a stale lockfile","advisory","fuzz/Cargo.lock",428,439
5,"2026-08-08-15-m10-fresh","","scanner-presentation-metadata","scanner-never-populates-atom-presentation-metadata","Scanner exposes atom metadata but always returns defaults","moderate","crates/yamalgam-scanner/src/scanner.rs",290,307
5,"2026-08-08-15-m10-fresh","","scanner-presentation-metadata","scanner-never-populates-atom-presentation-metadata","Scanner exposes atom metadata but always returns defaults","moderate","docs/decisions/0002-preserve-atom-concept-for-cst-fidelity.md",15,17
5,"2026-08-08-15-m10-fresh","","scanner-presentation-metadata","scanner-never-populates-atom-presentation-metadata","Scanner exposes atom metadata but always returns defaults","moderate","docs/decisions/0002-preserve-atom-concept-for-cst-fidelity.md",27,34
6,"2026-08-09-13-m11-final-review","","resource-identity-and-policy","scheme-relative-ref-becomes-local-file","Scheme-relative URI references are misclassified as absolute file paths","significant","crates/yamalgam-resolve/src/resource.rs",275,282
6,"2026-08-09-13-m11-final-review","","resource-identity-and-policy","include-uri-bypasses-relative-selector-contract","URI-form include selectors bypass the relative-path restriction","moderate","crates/yamalgam-resolve/src/include.rs",252,259
6,"2026-08-09-13-m11-final-review","","resource-identity-and-policy","resource-id-public-variants-bypass-canonical-invariants","Public ResourceId variants bypass canonical identity invariants","moderate","crates/yamalgam-resolve/src/resource.rs",16,24
6,"2026-08-09-13-m11-final-review","","filesystem-retrieval-and-discovery","file-policy-checks-race-path-reopen","File policy and size checks race a second pathname open","significant","crates/yamalgam-resolve/src/retriever/file.rs",219,247
6,"2026-08-09-13-m11-final-review","","filesystem-retrieval-and-discovery","symlink-discovery-skips-alias-policy","Symlink discovery applies file policy only to the canonical target","significant","crates/yamalgam-resolve/src/retriever/file.rs",181,191
6,"2026-08-09-13-m11-final-review","","filesystem-retrieval-and-discovery","recursive-file-discovery-has-no-depth-bound","Recursive directory discovery can exhaust the thread stack","moderate","crates/yamalgam-resolve/src/retriever/file.rs",181,200
6,"2026-08-09-13-m11-final-review","","filesystem-retrieval-and-discovery","symlink-aliases-make-glob-results-enumeration-dependent","Canonical symlink visitation makes glob results depend on read_dir order","moderate","crates/yamalgam-resolve/src/retriever/file.rs",158,188
6,"2026-08-09-13-m11-final-review","","filesystem-retrieval-and-discovery","discovery-results-do-not-enforce-deterministic-order","Shared sessions trust custom retriever discovery order","moderate","crates/yamalgam-resolve/src/session.rs",575,590
6,"2026-08-09-13-m11-final-review","","yaml-graph-integrity","imported-anchor-prefix-can-collide-with-root","Predictable imported anchor prefixes can collide with existing root anchors","significant","crates/yamalgam-resolve/src/session.rs",1055,1056
6,"2026-08-09-13-m11-final-review","","yaml-graph-integrity","fragment-self-containment-ignores-anchor-binding-order","Fragment self-containment checks names but not alias binding order","moderate","crates/yamalgam-resolve/src/anchors.rs",8,33
6,"2026-08-09-13-m11-final-review","","session-and-query-runtime","run-local-resolution-keys-collide-across-contexts","Resolution session keys collide across RunCtx instances","significant","crates/yamalgam-query/src/engine.rs",142,153
6,"2026-08-09-13-m11-final-review","","session-and-query-runtime","slurp-drops-resolution-base","Slurp drops the resolution base for newly constructed directives","moderate","crates/yamalgam/src/commands/query.rs",605,625
6,"2026-08-09-13-m11-final-review","","session-and-query-runtime","caught-resolution-error-remains-terminal","The typed-error side channel makes caught resolution errors fatal","moderate","crates/yamalgam-query/src/runtime_resolution.rs",140,149
6,"2026-08-09-13-m11-final-review","","session-and-query-runtime","query-resolution-conversion-recurses-without-configured-bound","Explicit resolution recursively converts query values without a real bound","significant","crates/yamalgam-query/src/resolution.rs",388,411
6,"2026-08-09-13-m11-final-review","","resolution-reporting","automatic-resolution-failure-discards-report","Automatic resolution failures discard the accumulated report","significant","crates/yamalgam-query/src/resolution.rs",111,115
6,"2026-08-09-13-m11-final-review","","resolution-reporting","resolution-report-retains-raw-secret-reference","Public resolution diagnostics retain raw credential-bearing references","significant","crates/yamalgam-resolve/src/report.rs",118,134
6,"2026-08-09-13-m11-final-review","","resolution-reporting","collection-report-never-records-matches","Glob and directory resolution reports discard their match sets","moderate","crates/yamalgam-resolve/src/session.rs",599,611
6,"2026-08-09-13-m11-final-review","","resolution-efficiency","owned-nodes-clone-resource-identities-per-node","Owned nodes clone resource identity buffers for every node","significant","crates/yamalgam-resolve/src/document.rs",204,208
6,"2026-08-09-13-m11-final-review","","resolution-efficiency","include-mapping-merge-is-quadratic","Mapping include merges scan all prior keys for every entry","significant","crates/yamalgam-resolve/src/include.rs",498,511
6,"2026-08-09-13-m11-final-review","","dependency-hygiene","resolver-directly-depends-on-unused-scanner","yamalgam-resolve directly depends on the unused scanner crate","advisory","crates/yamalgam-resolve/Cargo.toml",21,21
7,"2026-08-09-1537-m11-post-remediation","","resolution-policy-and-graph-integrity","relative-includes-can-retrieve-non-file-schemes","Relative includes can retrieve non-filesystem resources","significant","crates/yamalgam-resolve/src/session.rs",1277,1292
7,"2026-08-09-1537-m11-post-remediation","","resolution-policy-and-graph-integrity","explicit-only-sessions-skip-root-anchor-reservation","Explicit-only sessions do not reserve anchors from the complete root","significant","crates/yamalgam-resolve/src/session.rs",99,120
7,"2026-08-09-1537-m11-post-remediation","","resolution-policy-and-graph-integrity","builtin-resolver-mixes-caller-and-session-configs","BuiltinResolver enforces two different loader configurations","significant","crates/yamalgam-resolve/src/builtin.rs",58,90
7,"2026-08-09-1537-m11-post-remediation","","resolution-policy-and-graph-integrity","builtin-resolver-mixes-caller-and-session-configs","BuiltinResolver enforces two different loader configurations","significant","crates/yamalgam-resolve/src/builtin.rs",28,33
7,"2026-08-09-1537-m11-post-remediation","","session-budgets-and-discovery","resolution-cache-bypasses-session-byte-budget","Resolution caches bypass the session-wide byte budget","significant","crates/yamalgam-resolve/src/session.rs",870,899
7,"2026-08-09-1537-m11-post-remediation","","session-budgets-and-discovery","resolution-cache-bypasses-session-byte-budget","Resolution caches bypass the session-wide byte budget","significant","crates/yamalgam-resolve/src/session.rs",60,71
7,"2026-08-09-1537-m11-post-remediation","","session-budgets-and-discovery","resolution-cache-bypasses-session-byte-budget","Resolution caches bypass the session-wide byte budget","significant","crates/yamalgam-core/src/loader.rs",455,465
7,"2026-08-09-1537-m11-post-remediation","","session-budgets-and-discovery","glob-discovery-scans-entire-base","Filesystem discovery visits and buffers unbounded entries","moderate","crates/yamalgam-resolve/src/retriever/file.rs",373,388
7,"2026-08-09-1537-m11-post-remediation","","session-budgets-and-discovery","glob-discovery-scans-entire-base","Filesystem discovery visits and buffers unbounded entries","moderate","crates/yamalgam-resolve/src/retriever/file.rs",230,241
7,"2026-08-09-1537-m11-post-remediation","","session-budgets-and-discovery","glob-discovery-scans-entire-base","Filesystem discovery visits and buffers unbounded entries","moderate","crates/yamalgam-resolve/src/retriever/mod.rs",58,67
7,"2026-08-09-1537-m11-post-remediation","","session-budgets-and-discovery","symlink-aliases-consume-match-limit-before-deduplication","Symlink aliases can falsely exceed the discovery match ceiling","moderate","crates/yamalgam-resolve/src/retriever/file.rs",179,197
7,"2026-08-09-1537-m11-post-remediation","","session-budgets-and-discovery","symlink-aliases-consume-match-limit-before-deduplication","Symlink aliases can falsely exceed the discovery match ceiling","moderate","crates/yamalgam-resolve/src/retriever/file.rs",419,420
7,"2026-08-09-1537-m11-post-remediation","","query-runtime-and-reporting","caught-resolution-errors-accumulate-until-run-end","Caught resolution errors accumulate in thread-local storage","moderate","crates/yamalgam-query/src/runtime_resolution.rs",142,185
7,"2026-08-09-1537-m11-post-remediation","","query-runtime-and-reporting","post-resolution-conversion-drops-session-report","Post-resolution conversion failures discard the session report","moderate","crates/yamalgam-query/src/resolution.rs",119,137
7,"2026-08-09-1537-m11-post-remediation","","query-runtime-and-reporting","direct-include-preflight-can-omit-the-failed-report-edge","Direct include preflight failures can disappear from ResolutionReport","moderate","crates/yamalgam-resolve/src/session.rs",408,435
7,"2026-08-09-1537-m11-post-remediation","","query-runtime-and-reporting","direct-include-preflight-can-omit-the-failed-report-edge","Direct include preflight failures can disappear from ResolutionReport","moderate","crates/yamalgam-resolve/src/session.rs",483,501
7,"2026-08-09-1537-m11-post-remediation","","query-runtime-and-reporting","resolved-owned-tree-conversion-remains-recursive","Resolved YAML output conversion can still overflow the thread stack","significant","crates/yamalgam-query/src/resolution.rs",323,342
7,"2026-08-09-1537-m11-post-remediation","","query-runtime-and-reporting","resolved-owned-tree-conversion-remains-recursive","Resolved YAML output conversion can still overflow the thread stack","significant","crates/yamalgam-query/src/resolution.rs",272,282
7,"2026-08-09-1537-m11-post-remediation","","query-runtime-and-reporting","resolved-owned-tree-conversion-remains-recursive","Resolved YAML output conversion can still overflow the thread stack","significant","crates/yamalgam-query/src/resolution.rs",562,565
7,"2026-08-09-1537-m11-post-remediation","","query-runtime-and-reporting","query-session-assignment-recurses-without-a-bound","Query session annotation recursively traverses unbounded values","significant","crates/yamalgam-query/src/resolution.rs",248,268
7,"2026-08-09-1537-m11-post-remediation","","query-runtime-and-reporting","query-session-assignment-recurses-without-a-bound","Query session annotation recursively traverses unbounded values","significant","crates/yamalgam-query/src/engine.rs",151,158
8,"2026-08-11-07-m12-full-repo","","lsp-semantic-positioning","leading-document-marker-shifts-lsp-document-indexes","A leading YAML document marker shifts every LSP document index","significant","docs/yg/language-server.md",164,171
8,"2026-08-11-07-m12-full-repo","","lsp-semantic-positioning","leading-document-marker-shifts-lsp-document-indexes","A leading YAML document marker shifts every LSP document index","significant","crates/yamalgam-lsp/src/completion.rs",101,109
8,"2026-08-11-07-m12-full-repo","","lsp-semantic-positioning","leading-document-marker-shifts-lsp-document-indexes","A leading YAML document marker shifts every LSP document index","significant","crates/yamalgam-lsp/src/definition.rs",243,252
8,"2026-08-11-07-m12-full-repo","","lsp-semantic-positioning","leading-document-marker-shifts-lsp-document-indexes","A leading YAML document marker shifts every LSP document index","significant","crates/yamalgam-lsp/src/diagnostics.rs",229,235
8,"2026-08-11-07-m12-full-repo","","lsp-semantic-positioning","leading-document-marker-shifts-lsp-document-indexes","A leading YAML document marker shifts every LSP document index","significant","crates/yamalgam-lsp/src/document.rs",117,119
8,"2026-08-11-07-m12-full-repo","","lsp-semantic-positioning","sequence-item-schema-context-is-unreachable","Sequence-item schemas are unreachable from completion and hover","significant","record/superpowers/plans/2026-08-09-m12-schema-validation-lsp.md",1307,1310
8,"2026-08-11-07-m12-full-repo","","lsp-semantic-positioning","sequence-item-schema-context-is-unreachable","Sequence-item schemas are unreachable from completion and hover","significant","crates/yamalgam-lsp/src/completion.rs",23,29
8,"2026-08-11-07-m12-full-repo","","lsp-semantic-positioning","sequence-item-schema-context-is-unreachable","Sequence-item schemas are unreachable from completion and hover","significant","crates/yamalgam-lsp/src/completion.rs",134,142
8,"2026-08-11-07-m12-full-repo","","lsp-semantic-positioning","sequence-item-schema-context-is-unreachable","Sequence-item schemas are unreachable from completion and hover","significant","crates/yamalgam-lsp/src/completion.rs",159,170
8,"2026-08-11-07-m12-full-repo","","lsp-semantic-positioning","ropey-unicode-lines-desynchronize-lsp-positions","Ropey defaults broaden line splitting beyond the LSP position model","moderate","crates/yamalgam-cst/Cargo.toml",12,12
8,"2026-08-11-07-m12-full-repo","","lsp-semantic-positioning","documented-example-hover-is-not-implemented","Documented JSON Schema example hover is not implemented","moderate","docs/yg/language-server.md",166,166
8,"2026-08-11-07-m12-full-repo","","lsp-semantic-positioning","documented-example-hover-is-not-implemented","Documented JSON Schema example hover is not implemented","moderate","crates/yamalgam-schema/src/navigation.rs",24,43
8,"2026-08-11-07-m12-full-repo","","lsp-semantic-positioning","documented-example-hover-is-not-implemented","Documented JSON Schema example hover is not implemented","moderate","crates/yamalgam-lsp/src/hover.rs",34,53
8,"2026-08-11-07-m12-full-repo","","lsp-semantic-positioning","lsp-cancellation-cannot-interrupt-work-and-retains-request-ids","LSP cancellation cannot interrupt active work and retains completed request IDs","moderate","crates/yamalgam-lsp/src/server.rs",52,61
8,"2026-08-11-07-m12-full-repo","","lsp-semantic-positioning","lsp-cancellation-cannot-interrupt-work-and-retains-request-ids","LSP cancellation cannot interrupt active work and retains completed request IDs","moderate","crates/yamalgam-lsp/src/server.rs",116,143
8,"2026-08-11-07-m12-full-repo","","lsp-semantic-positioning","lsp-cancellation-cannot-interrupt-work-and-retains-request-ids","LSP cancellation cannot interrupt active work and retains completed request IDs","moderate","crates/yamalgam-lsp/src/server.rs",197,209
8,"2026-08-11-07-m12-full-repo","","lsp-semantic-positioning","stdio-error-path-can-hang-joining-reader","The stdio error path can hang while joining the reader thread","moderate","crates/yamalgam-lsp/src/server.rs",28,33
8,"2026-08-11-07-m12-full-repo","","lsp-semantic-positioning","stdio-error-path-can-hang-joining-reader","The stdio error path can hang while joining the reader thread","moderate","crates/yamalgam-lsp/src/server.rs",52,66
8,"2026-08-11-07-m12-full-repo","","lsp-semantic-positioning","lsp-definition-resource-errors-erased","Definition lookup converts resource failures into a successful not-found result","moderate","crates/yamalgam-lsp/src/definition.rs",67,93
8,"2026-08-11-07-m12-full-repo","","schema-runtime-boundaries","schema-validator-cache-key-erases-identity-and-options","The validator cache key drops canonical identity and diagnostic options","significant","crates/yamalgam-lsp/src/diagnostics.rs",48,58
8,"2026-08-11-07-m12-full-repo","","schema-runtime-boundaries","schema-validator-cache-key-erases-identity-and-options","The validator cache key drops canonical identity and diagnostic options","significant","crates/yamalgam-resolve/src/resource.rs",159,169
8,"2026-08-11-07-m12-full-repo","","schema-runtime-boundaries","schema-native-adapter-unbounded-recursion","Native schema materialization recurses without an input depth bound","significant","crates/yamalgam-schema/src/value.rs",318,346
8,"2026-08-11-07-m12-full-repo","","schema-runtime-boundaries","schema-diagnostic-cap-does-not-bound-work","Diagnostic limit caps retention but not validation work","significant","crates/yamalgam-schema/src/schema.rs",171,206
8,"2026-08-11-07-m12-full-repo","","schema-runtime-boundaries","schema-diagnostic-cap-does-not-bound-work","Diagnostic limit caps retention but not validation work","significant","crates/yamalgam-schema/src/diagnostic.rs",46,68
8,"2026-08-11-07-m12-full-repo","","schema-runtime-boundaries","schema-session-holds-global-lock-across-retrieval","SchemaSession holds its global cache lock across retrieval and parsing","moderate","crates/yamalgam-schema/src/retrieval.rs",122,126
8,"2026-08-11-07-m12-full-repo","","schema-runtime-boundaries","schema-session-holds-global-lock-across-retrieval","SchemaSession holds its global cache lock across retrieval and parsing","moderate","crates/yamalgam-schema/src/retrieval.rs",267,299
8,"2026-08-11-07-m12-full-repo","","schema-runtime-boundaries","schema-session-holds-global-lock-across-retrieval","SchemaSession holds its global cache lock across retrieval and parsing","moderate","crates/yamalgam-schema/src/retrieval.rs",346,365
8,"2026-08-11-07-m12-full-repo","","schema-runtime-boundaries","schema-session-cache-clones-located-documents","Schema cache hits deep-clone documents before checking the validator cache","moderate","crates/yamalgam-schema/src/retrieval.rs",272,275
8,"2026-08-11-07-m12-full-repo","","schema-runtime-boundaries","schema-session-cache-clones-located-documents","Schema cache hits deep-clone documents before checking the validator cache","moderate","crates/yamalgam-lsp/src/diagnostics.rs",53,58
8,"2026-08-11-07-m12-full-repo","","schema-runtime-boundaries","schema-navigation-recompiles-patterns-per-request","Schema navigation recompiles every patternProperties regex on each lookup","advisory","crates/yamalgam-schema/src/navigation.rs",351,355
8,"2026-08-11-07-m12-full-repo","","editor-update-cost","recovering-cst-span-normalization-is-quadratic","Recovery parsing recomputes spans with repeated prefix scans","significant","crates/yamalgam-cst/src/recovery.rs",78,87
8,"2026-08-11-07-m12-full-repo","","editor-update-cost","recovering-cst-span-normalization-is-quadratic","Recovery parsing recomputes spans with repeated prefix scans","significant","crates/yamalgam-cst/src/recovery.rs",118,130
8,"2026-08-11-07-m12-full-repo","","editor-update-cost","recovering-cst-span-normalization-is-quadratic","Recovery parsing recomputes spans with repeated prefix scans","significant","crates/yamalgam-cst/src/recovery.rs",198,217
8,"2026-08-11-07-m12-full-repo","","editor-update-cost","lsp-didchange-rebuilds-full-document-stages","Each LSP change repeats full-document copies and composition","significant","crates/yamalgam-cst/src/incremental.rs",82,100
8,"2026-08-11-07-m12-full-repo","","editor-update-cost","lsp-didchange-rebuilds-full-document-stages","Each LSP change repeats full-document copies and composition","significant","crates/yamalgam-lsp/src/document.rs",58,76
8,"2026-08-11-07-m12-full-repo","","editor-update-cost","lsp-didchange-rebuilds-full-document-stages","Each LSP change repeats full-document copies and composition","significant","crates/yamalgam-lsp/src/document.rs",91,101
8,"2026-08-11-07-m12-full-repo","","editor-update-cost","lsp-didchange-rebuilds-full-document-stages","Each LSP change repeats full-document copies and composition","significant","crates/yamalgam-schema/src/selection.rs",185,195
8,"2026-08-11-07-m12-full-repo","","editor-update-cost","lsp-diagnostic-positioning-recopies-source","Diagnostic range conversion repeatedly allocates document strings","significant","crates/yamalgam-lsp/src/diagnostics.rs",127,143
8,"2026-08-11-07-m12-full-repo","","editor-update-cost","lsp-diagnostic-positioning-recopies-source","Diagnostic range conversion repeatedly allocates document strings","significant","crates/yamalgam-lsp/src/diagnostics.rs",211,226
8,"2026-08-11-07-m12-full-repo","","editor-update-cost","lsp-diagnostic-positioning-recopies-source","Diagnostic range conversion repeatedly allocates document strings","significant","crates/yamalgam-cst/src/incremental.rs",70,74
8,"2026-08-11-07-m12-full-repo","","editor-update-cost","lsp-diagnostic-positioning-recopies-source","Diagnostic range conversion repeatedly allocates document strings","significant","crates/yamalgam-cst/src/incremental.rs",139,160
8,"2026-08-11-07-m12-full-repo","","located-value-model","located-value-allows-invalid-parallel-shapes","Public located values permit mismatched semantic and location trees","moderate","crates/yamalgam-core/src/located.rs",5,20
8,"2026-08-11-07-m12-full-repo","","located-value-model","located-value-allows-invalid-parallel-shapes","Public located values permit mismatched semantic and location trees","moderate","crates/yamalgam-core/src/located.rs",60,80
8,"2026-08-11-07-m12-full-repo","","located-value-model","located-composition-clones-location-subtrees","Value-only composition builds and repeatedly clones location subtrees","moderate","crates/yamalgam-compose/src/lib.rs",269,276
8,"2026-08-11-07-m12-full-repo","","located-value-model","located-composition-clones-location-subtrees","Value-only composition builds and repeatedly clones location subtrees","moderate","crates/yamalgam-compose/src/lib.rs",392,399
8,"2026-08-11-07-m12-full-repo","","retrieval-and-dependency-lifecycle","http-worker-panic-result-discarded","HTTP worker panics are silently discarded during shutdown","moderate","crates/yamalgam-resolve/src/retriever/http.rs",144,156
8,"2026-08-11-07-m12-full-repo","","retrieval-and-dependency-lifecycle","librebar-http-enables-unused-tokio-subsystems","Librebar HTTP activates Tokio signal and macro features unused by retrieval","advisory","crates/yamalgam-resolve/Cargo.toml",15,18
9,"2026-08-12-10-m13-release-candidate","","release-distribution-surface","tagged-release-copies-nonexistent-binary","Tagged releases copy a binary target that does not exist","significant",".github/workflows/cd.yml",139,144
9,"2026-08-12-10-m13-release-candidate","","release-distribution-surface","tagged-release-copies-nonexistent-binary","Tagged releases copy a binary target that does not exist","significant",".github/workflows/cd.yml",17,19
9,"2026-08-12-10-m13-release-candidate","","release-distribution-surface","tagged-release-copies-nonexistent-binary","Tagged releases copy a binary target that does not exist","significant","crates/yamalgam/Cargo.toml",27,33
9,"2026-08-12-10-m13-release-candidate","","release-distribution-surface","distribution-wrappers-target-old-executable","Optional distribution wrappers still target the old executable name","moderate",".github/formula.rb.tmpl",30,40
9,"2026-08-12-10-m13-release-candidate","","release-distribution-surface","distribution-wrappers-target-old-executable","Optional distribution wrappers still target the old executable name","moderate","npm/yamalgam/index.js",21,22
9,"2026-08-12-10-m13-release-candidate","","native-emission-surface","emitter-fragment-indent-allocates-before-limit-check","Fragment indentation can panic or exhaust memory before output limits run","moderate","crates/yamalgam-emit/src/emitter.rs",626,629
9,"2026-08-12-10-m13-release-candidate","","native-emission-surface","emitter-forces-borrowed-events-owned","The emitter copies borrowed payloads before immediate rendering","significant","crates/yamalgam-emit/src/emitter.rs",354,369
9,"2026-08-12-10-m13-release-candidate","","native-emission-surface","emitter-plain-scalars-use-scratch-buffer","Plain string scalars are copied through an unnecessary buffer","significant","crates/yamalgam-emit/src/scalar.rs",46,52
9,"2026-08-12-10-m13-release-candidate","","native-emission-surface","core-value-emission-collects-every-mapping","Core Value emission allocates an entry vector for every mapping","moderate","crates/yamalgam-emit/src/value.rs",74,86
9,"2026-08-12-10-m13-release-candidate","","concurrency-coordination-surface","cross-key-schema-reentry-deadlock","Cross-key retriever reentry can deadlock a schema session","moderate","crates/yamalgam-schema/src/retrieval.rs",386,393
9,"2026-08-12-10-m13-release-candidate","","concurrency-coordination-surface","cross-key-schema-reentry-deadlock","Cross-key retriever reentry can deadlock a schema session","moderate","crates/yamalgam-schema/src/retrieval.rs",457,464
9,"2026-08-12-10-m13-release-candidate","","concurrency-coordination-surface","validator-cache-miss-double-charges-schema-budget","Concurrent validator cache misses double-charge shared schema budgets","moderate","crates/yamalgam-lsp/src/diagnostics.rs",66,77
9,"2026-08-12-10-m13-release-candidate","","concurrency-coordination-surface","validator-cache-miss-double-charges-schema-budget","Concurrent validator cache misses double-charge shared schema budgets","moderate","crates/yamalgam-schema/src/retrieval.rs",724,739
9,"2026-08-12-10-m13-release-candidate","","concurrency-coordination-surface","in-place-rename-overwrites-concurrent-source-change","Atomic in-place replacement silently overwrites concurrent source changes","critical","crates/yamalgam/src/commands/query.rs",307,316
9,"2026-08-12-10-m13-release-candidate","","concurrency-coordination-surface","in-place-rename-overwrites-concurrent-source-change","Atomic in-place replacement silently overwrites concurrent source changes","critical","crates/yamalgam/src/commands/query.rs",893,904
9,"2026-08-12-10-m13-release-candidate","","source-editing-performance-surface","splice-mapping-origin-search-is-quadratic","Mapping splice reconciliation rescans every original entry","significant","crates/yamalgam-query/src/edit.rs",1786,1805
9,"2026-08-12-10-m13-release-candidate","","source-editing-performance-surface","schema-preflight-builds-diagnostics-on-success","Schema preflight eagerly clones diagnostic paths for every node","moderate","crates/yamalgam-schema/src/preflight.rs",109,119
9,"2026-08-12-10-m13-release-candidate","","source-editing-performance-surface","lsp-changes-copy-and-rebuild-whole-document","Each LSP change rebuilds every text representation","moderate","crates/yamalgam-lsp/src/document.rs",68,84
9,"2026-08-12-10-m13-release-candidate","","type-and-index-design-surface","serde-tag-resolver-unnecessary-dynamic-dispatch","Serde deserialization boxes a statically known tag resolver","advisory","crates/yamalgam-serde/src/de.rs",46,50
9,"2026-08-12-10-m13-release-candidate","","type-and-index-design-surface","scalar-index-rehashes-randomized-fingerprints","Scalar mapping lookups hash every key twice","advisory","crates/yamalgam-core/src/value.rs",63,73
10,"2026-08-12-15-m13-post-remediation","","output-resource-surface","json-renderer-allocates-before-output-limit","JSON rendering enforces its output limit only after allocating the full result","moderate","crates/yamalgam-query/src/emit/json.rs",12,21
10,"2026-08-12-15-m13-post-remediation","","schema-coordination-surface","validator-single-flight-splits-shared-graph-budget-by-diagnostic-cap","Validator single-flight does not cover diagnostic-cap variants","moderate","crates/yamalgam-lsp/src/diagnostics.rs",249,296
10,"2026-08-12-15-m13-post-remediation","","schema-coordination-surface","validator-single-flight-splits-shared-graph-budget-by-diagnostic-cap","Validator single-flight does not cover diagnostic-cap variants","moderate","crates/yamalgam-lsp/src/diagnostics.rs",360,368
10,"2026-08-12-15-m13-post-remediation","","schema-coordination-surface","validator-single-flight-splits-shared-graph-budget-by-diagnostic-cap","Validator single-flight does not cover diagnostic-cap variants","moderate","crates/yamalgam-lsp/src/definition.rs",206,206
10,"2026-08-12-15-m13-post-remediation","","schema-coordination-surface","validator-single-flight-splits-shared-graph-budget-by-diagnostic-cap","Validator single-flight does not cover diagnostic-cap variants","moderate","crates/yamalgam-lsp/src/hover.rs",22,22
10,"2026-08-12-15-m13-post-remediation","","schema-coordination-surface","validator-single-flight-splits-shared-graph-budget-by-diagnostic-cap","Validator single-flight does not cover diagnostic-cap variants","moderate","crates/yamalgam-lsp/src/completion.rs",27,27
10,"2026-08-12-15-m13-post-remediation","","schema-coordination-surface","validator-single-flight-splits-shared-graph-budget-by-diagnostic-cap","Validator single-flight does not cover diagnostic-cap variants","moderate","crates/yamalgam-schema/src/retrieval.rs",344,360
10,"2026-08-12-15-m13-post-remediation","","schema-coordination-surface","validator-single-flight-splits-shared-graph-budget-by-diagnostic-cap","Validator single-flight does not cover diagnostic-cap variants","moderate","crates/yamalgam-schema/src/retrieval.rs",728,743
10,"2026-08-12-15-m13-post-remediation","","schema-coordination-surface","schema-preflight-builds-diagnostics-on-success","Schema preflight eagerly clones diagnostic paths for every node","moderate","crates/yamalgam-schema/src/preflight.rs",109,121
10,"2026-08-12-15-m13-post-remediation","","schema-coordination-surface","schema-value-iterators-omit-size-hints","Schema JSON wrapper iterators discard exact collection lengths","advisory","crates/yamalgam-schema/src/value.rs",219,239
10,"2026-08-12-15-m13-post-remediation","","schema-coordination-surface","schema-value-iterators-omit-size-hints","Schema JSON wrapper iterators discard exact collection lengths","advisory","crates/yamalgam-schema/src/value.rs",266,280
10,"2026-08-12-15-m13-post-remediation","","tracked-editing-surface","cst-layout-trivia-rescans-every-excluded-range","CST trivia collection is quadratic in token and exclusion counts","significant","crates/yamalgam-cst/src/layout.rs",1094,1117
10,"2026-08-12-15-m13-post-remediation","","tracked-editing-surface","lsp-changes-copy-and-rebuild-whole-document","Each LSP change rebuilds every text representation","moderate","crates/yamalgam-lsp/src/document.rs",68,87
10,"2026-08-12-15-m13-post-remediation","","tracked-editing-surface","scalar-index-rehashes-randomized-fingerprints","Scalar mapping lookups hash every key twice","advisory","crates/yamalgam-core/src/value.rs",63,74
10,"2026-08-12-15-m13-post-remediation","","adapter-emission-surface","core-value-emission-collects-every-mapping","Core Value emission allocates an entry vector for every mapping","moderate","crates/yamalgam-emit/src/value.rs",74,86
10,"2026-08-12-15-m13-post-remediation","","adapter-emission-surface","serde-tag-resolver-unnecessary-dynamic-dispatch","Serde deserialization boxes a statically known tag resolver","advisory","crates/yamalgam-serde/src/de.rs",46,50
10,"2026-08-12-15-m13-post-remediation","","fuzz-campaign-surface","fuzz-all-skips-m13-output-targets","The all-target fuzz recipe skips M13 emission and splice targets","moderate",".justfile",219,226
11,"2026-08-12-17-m13-final-verification","","serialized-output-surface","validate-json-bypasses-output-byte-limit","yg validate JSON output does not enforce the configured output limit","moderate","crates/yamalgam/src/commands/validate.rs",331,353
11,"2026-08-12-17-m13-final-verification","","serialized-output-surface","emitter-transformed-scalars-allocate-before-output-accounting","Transformed YAML scalars exceed output caps only after scratch allocation","moderate","crates/yamalgam-emit/src/scalar.rs",46,80
11,"2026-08-12-17-m13-final-verification","","serialized-output-surface","emitter-transformed-scalars-allocate-before-output-accounting","Transformed YAML scalars exceed output caps only after scratch allocation","moderate","crates/yamalgam-emit/src/scalar.rs",82,100
11,"2026-08-12-17-m13-final-verification","","serialized-output-surface","emitter-transformed-scalars-allocate-before-output-accounting","Transformed YAML scalars exceed output caps only after scratch allocation","moderate","crates/yamalgam-emit/src/scalar.rs",192,217
11,"2026-08-12-17-m13-final-verification","","serialized-output-surface","emitter-transformed-scalars-allocate-before-output-accounting","Transformed YAML scalars exceed output caps only after scratch allocation","moderate","crates/yamalgam-emit/src/scalar.rs",219,284
11,"2026-08-12-17-m13-final-verification","","live-schema-surface","lsp-schema-edits-never-invalidate-dependent-validation","Editing an open schema leaves dependent LSP documents on the old validator","significant","crates/yamalgam-lsp/src/server.rs",267,288
11,"2026-08-12-17-m13-final-verification","","live-schema-surface","lsp-schema-edits-never-invalidate-dependent-validation","Editing an open schema leaves dependent LSP documents on the old validator","significant","crates/yamalgam-schema/src/retrieval.rs",498,518
11,"2026-08-12-17-m13-final-verification","","live-schema-surface","lsp-schema-edits-never-invalidate-dependent-validation","Editing an open schema leaves dependent LSP documents on the old validator","significant","crates/yamalgam-lsp/src/server.rs",637,682
11,"2026-08-12-17-m13-final-verification","","live-schema-surface","lsp-schema-edits-never-invalidate-dependent-validation","Editing an open schema leaves dependent LSP documents on the old validator","significant","crates/yamalgam-lsp/src/diagnostics.rs",37,43
11,"2026-08-12-17-m13-final-verification","","live-schema-surface","lsp-schema-edits-never-invalidate-dependent-validation","Editing an open schema leaves dependent LSP documents on the old validator","significant","crates/yamalgam-lsp/src/diagnostics.rs",264,375
11,"2026-08-12-17-m13-final-verification","","live-schema-surface","lsp-schema-edits-never-invalidate-dependent-validation","Editing an open schema leaves dependent LSP documents on the old validator","significant","crates/yamalgam-lsp/src/diagnostics.rs",453,453
11,"2026-08-12-17-m13-final-verification","","live-schema-surface","lsp-schema-edits-never-invalidate-dependent-validation","Editing an open schema leaves dependent LSP documents on the old validator","significant","crates/yamalgam-lsp/src/completion.rs",27,27
11,"2026-08-12-17-m13-final-verification","","live-schema-surface","lsp-schema-edits-never-invalidate-dependent-validation","Editing an open schema leaves dependent LSP documents on the old validator","significant","crates/yamalgam-lsp/src/hover.rs",22,22
11,"2026-08-12-17-m13-final-verification","","live-schema-surface","lsp-schema-edits-never-invalidate-dependent-validation","Editing an open schema leaves dependent LSP documents on the old validator","significant","crates/yamalgam-lsp/src/definition.rs",206,206
11,"2026-08-12-17-m13-final-verification","","schema-and-editing-performance-surface","schema-preflight-builds-diagnostics-on-success","Schema preflight eagerly clones diagnostic paths for every node","moderate","crates/yamalgam-schema/src/preflight.rs",109,121
11,"2026-08-12-17-m13-final-verification","","schema-and-editing-performance-surface","schema-value-iterators-omit-size-hints","Schema JSON wrapper iterators discard exact collection lengths","advisory","crates/yamalgam-schema/src/value.rs",219,239
11,"2026-08-12-17-m13-final-verification","","schema-and-editing-performance-surface","schema-value-iterators-omit-size-hints","Schema JSON wrapper iterators discard exact collection lengths","advisory","crates/yamalgam-schema/src/value.rs",266,280
11,"2026-08-12-17-m13-final-verification","","schema-and-editing-performance-surface","lsp-changes-copy-and-rebuild-whole-document","Each LSP change rebuilds every text representation","moderate","crates/yamalgam-lsp/src/document.rs",68,87
11,"2026-08-12-17-m13-final-verification","","schema-and-editing-performance-surface","scalar-index-rehashes-randomized-fingerprints","Scalar mapping lookups hash every key twice","advisory","crates/yamalgam-core/src/value.rs",63,74
11,"2026-08-12-17-m13-final-verification","","adapter-performance-surface","core-value-emission-collects-every-mapping","Core Value emission allocates an entry vector for every mapping","moderate","crates/yamalgam-emit/src/value.rs",74,86
11,"2026-08-12-17-m13-final-verification","","adapter-performance-surface","serde-tag-resolver-unnecessary-dynamic-dispatch","Serde deserialization boxes a statically known tag resolver","advisory","crates/yamalgam-serde/src/de.rs",46,50
12,"2026-08-12-20-m13-release-closure","","release-readiness-surface","serde-package-description-omits-serializer","The publishable yamalgam-serde metadata still advertises deserialization only","advisory","crates/yamalgam-serde/Cargo.toml",3,3
12,"2026-08-12-20-m13-release-closure","","schema-and-editing-performance-surface","schema-preflight-builds-diagnostics-on-success","Schema preflight eagerly clones diagnostic paths for every node","moderate","crates/yamalgam-schema/src/preflight.rs",109,121
12,"2026-08-12-20-m13-release-closure","","schema-and-editing-performance-surface","schema-value-iterators-omit-size-hints","Schema JSON wrapper iterators discard exact collection lengths","advisory","crates/yamalgam-schema/src/value.rs",219,239
12,"2026-08-12-20-m13-release-closure","","schema-and-editing-performance-surface","schema-value-iterators-omit-size-hints","Schema JSON wrapper iterators discard exact collection lengths","advisory","crates/yamalgam-schema/src/value.rs",266,280
12,"2026-08-12-20-m13-release-closure","","schema-and-editing-performance-surface","lsp-changes-copy-and-rebuild-whole-document","Each LSP change rebuilds every text representation","moderate","crates/yamalgam-lsp/src/document.rs",68,87
12,"2026-08-12-20-m13-release-closure","","schema-and-editing-performance-surface","scalar-index-rehashes-randomized-fingerprints","Scalar mapping lookups hash every key twice","advisory","crates/yamalgam-core/src/value.rs",63,75
12,"2026-08-12-20-m13-release-closure","","adapter-performance-surface","core-value-emission-collects-every-mapping","Core Value emission allocates an entry vector for every mapping","moderate","crates/yamalgam-emit/src/value.rs",74,86
12,"2026-08-12-20-m13-release-closure","","adapter-performance-surface","serde-tag-resolver-unnecessary-dynamic-dispatch","Serde deserialization boxes a statically known tag resolver","advisory","crates/yamalgam-serde/src/de.rs",46,50
13,"2026-08-14-m14-release-closure","","schema-coordination-surface","canonical-schema-aliases-bypass-load-single-flight","Canonical schema aliases bypass first-load single-flight","moderate","crates/yamalgam-lsp/src/diagnostics.rs",272,299
13,"2026-08-14-m14-release-closure","","schema-coordination-surface","canonical-schema-aliases-bypass-load-single-flight","Canonical schema aliases bypass first-load single-flight","moderate","crates/yamalgam-schema/src/retrieval.rs",608,673
13,"2026-08-14-m14-release-closure","","schema-coordination-surface","canonical-schema-aliases-bypass-load-single-flight","Canonical schema aliases bypass first-load single-flight","moderate","crates/yamalgam-schema/src/retrieval.rs",214,259
13,"2026-08-14-m14-release-closure","","schema-coordination-surface","canonical-schema-aliases-bypass-load-single-flight","Canonical schema aliases bypass first-load single-flight","moderate","crates/yamalgam-resolve/src/retriever/file.rs",397,445
13,"2026-08-14-m14-release-closure","","incremental-performance-surface","local-cst-edits-still-scan-whole-stream","Local CST edits still scan the complete stream","advisory","crates/yamalgam-cst/src/incremental.rs",422,448
13,"2026-08-14-m14-release-closure","","incremental-performance-surface","local-cst-edits-still-scan-whole-stream","Local CST edits still scan the complete stream","advisory","crates/yamalgam-cst/src/incremental.rs",559,577
13,"2026-08-14-m14-release-closure","","incremental-performance-surface","local-cst-edits-still-scan-whole-stream","Local CST edits still scan the complete stream","advisory","crates/yamalgam-cst/src/incremental.rs",220,230
13,"2026-08-14-m14-release-closure","","incremental-performance-surface","include-key-index-rehashes-randomized-fingerprints","Include merge indexing rehashes randomized semantic fingerprints","advisory","crates/yamalgam-resolve/src/include.rs",704,767
14,"2026-08-15-0328-m14-release-closure","","schema-identity-surface","generic-schema-retrieval-failure-drops-canonical-dependency","Generic schema retrieval failures discard the established canonical dependency","moderate","crates/yamalgam-schema/src/retrieval.rs",574,590
14,"2026-08-15-0328-m14-release-closure","","schema-identity-surface","generic-schema-retrieval-failure-drops-canonical-dependency","Generic schema retrieval failures discard the established canonical dependency","moderate","crates/yamalgam-lsp/src/diagnostics.rs",277,286
14,"2026-08-15-0328-m14-release-closure","","schema-identity-surface","generic-schema-retrieval-failure-drops-canonical-dependency","Generic schema retrieval failures discard the established canonical dependency","moderate","crates/yamalgam-lsp/src/server.rs",421,443
14,"2026-08-15-0328-m14-release-closure","","bounded-work-surface","local-cst-edits-still-scan-whole-stream","Local CST edits still traverse every syntax node","advisory","crates/yamalgam-cst/src/incremental.rs",320,325
14,"2026-08-15-0328-m14-release-closure","","bounded-work-surface","local-cst-edits-still-scan-whole-stream","Local CST edits still traverse every syntax node","advisory","crates/yamalgam-lsp/src/document.rs",151,157
14,"2026-08-15-0328-m14-release-closure","","bounded-work-surface","schema-preflight-rehashes-internal-fingerprints","Schema preflight rehashes semantic fingerprints","advisory","crates/yamalgam-schema/src/preflight.rs",38,41
14,"2026-08-15-0328-m14-release-closure","","bounded-work-surface","schema-preflight-rehashes-internal-fingerprints","Schema preflight rehashes semantic fingerprints","advisory","crates/yamalgam-schema/src/preflight.rs",210,214
14,"2026-08-15-0328-m14-release-closure","","bounded-work-surface","schema-preflight-rehashes-internal-fingerprints","Schema preflight rehashes semantic fingerprints","advisory","crates/yamalgam-schema/src/preflight.rs",268,310
14,"2026-08-15-0328-m14-release-closure","","bounded-work-surface","schema-preflight-rehashes-internal-fingerprints","Schema preflight rehashes semantic fingerprints","advisory","crates/yamalgam-schema/src/preflight.rs",393,397
15,"2026-08-15-0547-m14-release-closure-final","","canonical-authority-surface","failed-canonical-retarget-keeps-stale-confirmed-authority","Failed canonical retargets can preserve stale confirmed schema authority","moderate","crates/yamalgam-schema/src/retrieval.rs",338,351
15,"2026-08-15-0547-m14-release-closure-final","","canonical-authority-surface","failed-canonical-retarget-keeps-stale-confirmed-authority","Failed canonical retargets can preserve stale confirmed schema authority","moderate","crates/yamalgam-schema/src/retrieval.rs",574,600
15,"2026-08-15-0547-m14-release-closure-final","","canonical-authority-surface","failed-canonical-retarget-keeps-stale-confirmed-authority","Failed canonical retargets can preserve stale confirmed schema authority","moderate","crates/yamalgam-schema/src/retrieval.rs",690,721
15,"2026-08-15-0547-m14-release-closure-final","","canonical-authority-surface","failed-canonical-retarget-keeps-stale-confirmed-authority","Failed canonical retargets can preserve stale confirmed schema authority","moderate","crates/yamalgam-lsp/src/diagnostics.rs",417,438
15,"2026-08-15-0547-m14-release-closure-final","","benchmark-workflow-surface","benchmark-summary-depends-on-deleted-jobs","Benchmark workflow depends on jobs that no longer exist","moderate",".github/workflows/benchmarks.yml",121,148
15,"2026-08-15-0547-m14-release-closure-final","","benchmark-workflow-surface","benchmark-workflow-actions-use-mutable-references","Two benchmark jobs execute mutable third-party action references","advisory",".github/workflows/benchmarks.yml",28,36
15,"2026-08-15-0547-m14-release-closure-final","","benchmark-workflow-surface","benchmark-workflow-actions-use-mutable-references","Two benchmark jobs execute mutable third-party action references","advisory",".github/workflows/benchmarks.yml",56,62
16,"2026-08-15-0644-m14-release-closure-clean","","canonical-retry-surface","unresolved-schema-retry-can-hit-stale-requested-cache","Unresolved schema retries can return a stale requested-identity cache entry","moderate","crates/yamalgam-schema/src/retrieval.rs",708,750
16,"2026-08-15-0644-m14-release-closure-clean","","canonical-retry-surface","unresolved-schema-retry-can-hit-stale-requested-cache","Unresolved schema retries can return a stale requested-identity cache entry","moderate","crates/yamalgam-lsp/src/diagnostics.rs",277,286
17,"2026-08-15-0719-m14-release-closure-clean","","schema-generation-surface","schema-derived-caches-omit-source-generation","Schema-derived caches omit exact source generation identity","moderate","crates/yamalgam-schema/src/retrieval.rs",517,542
17,"2026-08-15-0719-m14-release-closure-clean","","schema-generation-surface","schema-derived-caches-omit-source-generation","Schema-derived caches omit exact source generation identity","moderate","crates/yamalgam-lsp/src/diagnostics.rs",18,43
17,"2026-08-15-0719-m14-release-closure-clean","","schema-generation-surface","forced-schema-retarget-keeps-stale-requested-navigation","Forced schema retargeting keeps stale requested navigation","moderate","crates/yamalgam-schema/src/retrieval.rs",265,291
17,"2026-08-15-0719-m14-release-closure-clean","","schema-generation-surface","forced-schema-retarget-keeps-stale-requested-navigation","Forced schema retargeting keeps stale requested navigation","moderate","crates/yamalgam-schema/src/navigation.rs",530,542
18,"2026-08-15-1538-m14-release-closure-clean","","schema-work-bounds-surface","schema-alias-normalization-rewalks-chain-suffixes","Schema alias normalization rewalks chain suffixes","significant","crates/yamalgam-schema/src/retrieval.rs",2485,2515
18,"2026-08-15-1538-m14-release-closure-clean","","schema-work-bounds-surface","schema-preflight-sparse-projection-linear-search","Schema preflight sparse projection linear search","moderate","crates/yamalgam-schema/src/preflight.rs",343,350
18,"2026-08-15-1538-m14-release-closure-clean","","schema-work-bounds-surface","schema-preflight-sparse-projection-linear-search","Schema preflight sparse projection linear search","moderate","crates/yamalgam-schema/src/preflight.rs",446,448
18,"2026-08-15-1538-m14-release-closure-clean","","lsp-shared-state-surface","lsp-schema-dependency-index-clones-alias-fan-in","LSP schema dependency index clones alias fan-in","moderate","crates/yamalgam-lsp/src/diagnostics.rs",595,604
18,"2026-08-15-1538-m14-release-closure-clean","","lsp-shared-state-surface","lsp-schema-dependency-index-clones-alias-fan-in","LSP schema dependency index clones alias fan-in","moderate","crates/yamalgam-lsp/src/diagnostics.rs",641,652
18,"2026-08-15-1538-m14-release-closure-clean","","lsp-shared-state-surface","schema-refresh-waits-ignore-lsp-cancellation","Schema refresh waits ignore LSP cancellation","moderate","crates/yamalgam-lsp/src/diagnostics.rs",192,205
18,"2026-08-15-1538-m14-release-closure-clean","","lsp-shared-state-surface","schema-refresh-waits-ignore-lsp-cancellation","Schema refresh waits ignore LSP cancellation","moderate","crates/yamalgam-lsp/src/diagnostics.rs",325,367
18,"2026-08-15-1538-m14-release-closure-clean","","lsp-shared-state-surface","schema-refresh-waits-ignore-lsp-cancellation","Schema refresh waits ignore LSP cancellation","moderate","crates/yamalgam-lsp/src/diagnostics.rs",399,454
18,"2026-08-15-1538-m14-release-closure-clean","","lsp-shared-state-surface","schema-refresh-waits-ignore-lsp-cancellation","Schema refresh waits ignore LSP cancellation","moderate","crates/yamalgam-lsp/src/diagnostics.rs",497,546
18,"2026-08-15-1538-m14-release-closure-clean","","lsp-shared-state-surface","schema-refresh-waits-ignore-lsp-cancellation","Schema refresh waits ignore LSP cancellation","moderate","crates/yamalgam-lsp/src/server.rs",178,238
18,"2026-08-15-1538-m14-release-closure-clean","","lsp-shared-state-surface","schema-refresh-waits-ignore-lsp-cancellation","Schema refresh waits ignore LSP cancellation","moderate","crates/yamalgam-lsp/src/server.rs",482,483
18,"2026-08-15-1538-m14-release-closure-clean","","lsp-shared-state-surface","schema-refresh-waits-ignore-lsp-cancellation","Schema refresh waits ignore LSP cancellation","moderate","crates/yamalgam-lsp/src/server.rs",588,603
18,"2026-08-15-1538-m14-release-closure-clean","","lsp-shared-state-surface","schema-refresh-waits-ignore-lsp-cancellation","Schema refresh waits ignore LSP cancellation","moderate","crates/yamalgam-lsp/src/server.rs",635,659
18,"2026-08-15-1538-m14-release-closure-clean","","dependency-trace-authority-surface","older-failed-dependency-trace-can-replace-newer-knowledge","Older failed dependency trace can replace newer knowledge","moderate","crates/yamalgam-schema/src/retrieval.rs",1564,1590
18,"2026-08-15-1538-m14-release-closure-clean","","dependency-trace-authority-surface","older-failed-dependency-trace-can-replace-newer-knowledge","Older failed dependency trace can replace newer knowledge","moderate","crates/yamalgam-schema/src/retrieval.rs",1471,1490
18,"2026-08-15-1538-m14-release-closure-clean","","dependency-trace-authority-surface","older-failed-dependency-trace-can-replace-newer-knowledge","Older failed dependency trace can replace newer knowledge","moderate","crates/yamalgam-schema/src/retrieval.rs",1089,1135
18,"2026-08-15-1538-m14-release-closure-clean","","release-automation-surface","benchmark-guide-describes-removed-generated-harnesses","Benchmark guide documents removed generated harnesses","moderate",".github/docs/benchmarks-howto.md",15,30
18,"2026-08-15-1538-m14-release-closure-clean","","release-automation-surface","benchmark-guide-describes-removed-generated-harnesses","Benchmark guide documents removed generated harnesses","moderate","xtask/src/main.rs",28,40
18,"2026-08-15-1538-m14-release-closure-clean","","release-automation-surface","benchmark-guide-describes-removed-generated-harnesses","Benchmark guide documents removed generated harnesses","moderate","xtask/src/commands/bench.rs",8,29
18,"2026-08-15-1538-m14-release-closure-clean","","release-automation-surface","release-cargo-tools-are-installed-from-mutable-bare-names","Release cargo tools are installed from mutable bare names","moderate",".github/actions/setup-cargo-tools/action.yml",34,74
18,"2026-08-15-1538-m14-release-closure-clean","","release-automation-surface","release-cargo-tools-are-installed-from-mutable-bare-names","Release cargo tools are installed from mutable bare names","moderate",".github/workflows/cd.yml",89,93
18,"2026-08-15-1538-m14-release-closure-clean","","release-automation-surface","fuzz-workflow-and-roadmap-omit-registered-targets","Fuzz workflow and roadmap omit registered targets","moderate",".github/workflows/fuzz.yml",26,32
18,"2026-08-15-1538-m14-release-closure-clean","","release-automation-surface","fuzz-workflow-and-roadmap-omit-registered-targets","Fuzz workflow and roadmap omit registered targets","moderate","fuzz/Cargo.toml",53,71
18,"2026-08-15-1538-m14-release-closure-clean","","release-automation-surface","fuzz-workflow-and-roadmap-omit-registered-targets","Fuzz workflow and roadmap omit registered targets","moderate","record/superpowers/plans/README.md",260,264
19,"2026-08-16-06-pre-release-full","","error-handling","query-setpath-depth-bypass","Filter-constructed values bypass parse-time depth limit via map_index/map_range","significant","crates/yamalgam-query/src/valt.rs",209,255
19,"2026-08-16-06-pre-release-full","","error-handling","query-deep-merge-overflow","deep_merge overflows stack on filter-constructed deep values","significant","crates/yamalgam-query/src/ops.rs",33,50
19,"2026-08-16-06-pre-release-full","","error-handling","query-contains-overflow","contains() overflows stack on filter-constructed deep values","significant","crates/yamalgam-query/src/funs.rs",330,341
19,"2026-08-16-06-pre-release-full","","error-handling","query-eq-cmp-hash-overflow","PartialEq, Ord, and Hash implementations overflow on deep values","significant","crates/yamalgam-query/src/value.rs",1198,1213
19,"2026-08-16-06-pre-release-full","","error-handling","query-eq-cmp-hash-overflow","PartialEq, Ord, and Hash implementations overflow on deep values","significant","crates/yamalgam-query/src/value.rs",1242,1256
19,"2026-08-16-06-pre-release-full","","error-handling","query-eq-cmp-hash-overflow","PartialEq, Ord, and Hash implementations overflow on deep values","significant","crates/yamalgam-query/src/value.rs",1259,1270
19,"2026-08-16-06-pre-release-full","","completeness","facade-incomplete-reexports","Facade crate re-exports only 3 of 10 advertised sub-crates","significant","crates/yamalgam/src/lib.rs",30,36
19,"2026-08-16-06-pre-release-full","","completeness","cst-unreachable-through-facade","Headline CST capability unreachable through the facade","significant","crates/yamalgam/Cargo.toml",48,56
19,"2026-08-16-06-pre-release-full","","completeness","emitter-missing-error-reexport","Emitter re-exported without its error type","moderate","crates/yamalgam/src/lib.rs",32,32
19,"2026-08-16-06-pre-release-full","","completeness","readme-examples-not-verified","README Rust examples are compile-verified nowhere","moderate","README.md",96,112
19,"2026-08-16-06-pre-release-full","","completeness","resolve-crate-undocumented","yamalgam-resolve is publishable but absent from README crate table","moderate","crates/yamalgam-resolve/src/retriever/mod.rs",8,16
19,"2026-08-16-06-pre-release-full","","completeness","lsp-unconditional-dependency","yamalgam-lsp is a hard dependency of the facade — library users compile an LSP server","moderate","crates/yamalgam/Cargo.toml",56,56
19,"2026-08-16-06-pre-release-full","","completeness","no-network-free-build","No network-free build — HTTP is architecturally unremovable","moderate","crates/yamalgam-resolve/src/retriever/mod.rs",8,14
19,"2026-08-16-06-pre-release-full","","completeness","feature-matrix-tests-nothing","just feature-matrix recipe tests zero feature permutations","advisory",".justfile",148,150
19,"2026-08-16-06-pre-release-full","","completeness","thin-docs-user-facing-crates","Thinnest crate-level docs sit on the most user-facing subsystems","advisory","crates/yamalgam-lsp/src/lib.rs",1,1
19,"2026-08-16-06-pre-release-full","","completeness","thin-docs-user-facing-crates","Thinnest crate-level docs sit on the most user-facing subsystems","advisory","crates/yamalgam-schema/src/lib.rs",1,1
19,"2026-08-16-06-pre-release-full","","concurrency","worker-panic-orphans-request","Worker panic silently orphans the associated LSP request","moderate","crates/yamalgam-lsp/src/server.rs",1001,1019
19,"2026-08-16-06-pre-release-full","","concurrency","untimed-condvar-main-loop","Untimed condvar wait reachable from the main LSP loop","moderate","crates/yamalgam-lsp/src/diagnostics.rs",434,451
19,"2026-08-16-06-pre-release-full","","type-design","emit-parameter-order-inconsistency","indentation/depth parameter order reversed between block_scalar and binary families","advisory","crates/yamalgam-emit/src/scalar.rs",312,318
19,"2026-08-16-06-pre-release-full","","type-design","emit-parameter-order-inconsistency","indentation/depth parameter order reversed between block_scalar and binary families","advisory","crates/yamalgam-emit/src/scalar.rs",402,407
19,"2026-08-16-06-pre-release-full","","type-design","lsp-diagnostic-bare-string-params","Three unrelated &str concepts are positional bare strings in lsp_diagnostic","advisory","crates/yamalgam-lsp/src/diagnostics.rs",1371,1382
19,"2026-08-16-06-pre-release-full","","type-design","server-monotonic-counter-no-newtype","Two adjacent u64 monotonic counters with different meanings passed positionally","advisory","crates/yamalgam-lsp/src/server.rs",284,284
19,"2026-08-16-06-pre-release-full","","type-design","server-monotonic-counter-no-newtype","Two adjacent u64 monotonic counters with different meanings passed positionally","advisory","crates/yamalgam-lsp/src/server.rs",385,391
19,"2026-08-16-06-pre-release-full","","type-design","schema-budget-params-no-newtype","Two Option<usize> budget parameters with distinct meanings in adjacent positions","advisory","crates/yamalgam-schema/src/retrieval.rs",2788,2793
19,"2026-08-16-06-pre-release-full","","type-design","schema-limits-no-newtype","max_depth and max_errors as bare usize on PreparedInstance constructor","advisory","crates/yamalgam-schema/src/preflight.rs",334,341
19,"2026-08-16-06-pre-release-full","","type-design","server-deep-clone-per-request","Server struct deep-cloned on every inbound LSP request","moderate","crates/yamalgam-lsp/src/server.rs",446,456
19,"2026-08-16-06-pre-release-full","","type-design","server-deep-clone-per-request","Server struct deep-cloned on every inbound LSP request","moderate","crates/yamalgam-lsp/src/server.rs",480,481
19,"2026-08-16-06-pre-release-full","","type-design","incremental-text-range-owned-param","text_range takes owned Range<usize> forcing callers to clone","advisory","crates/yamalgam-cst/src/incremental.rs",160,170
19,"2026-08-16-06-pre-release-full","","type-design","definition-insert-resource-string-param","insert_resource takes owned String that is immediately Arc'd","note","crates/yamalgam-lsp/src/definition.rs",92,103
19,"2026-08-16-06-pre-release-full","","schema-allocation","glob-compiled-per-call","Glob pattern compiled on every document match in schema selection","significant","crates/yamalgam-schema/src/selection.rs",464,478
19,"2026-08-16-06-pre-release-full","","schema-allocation","schema-clone-per-bfs-node","Schema deep-cloned per BFS node in preload_graph despite Arc being in hand","moderate","crates/yamalgam-schema/src/retrieval.rs",1684,1689
19,"2026-08-16-06-pre-release-full","","schema-allocation","schema-cloned-twice-per-resource","Schema value deep-cloned twice per resource in the same loop iteration","moderate","crates/yamalgam-schema/src/retrieval.rs",1396,1409
19,"2026-08-16-06-pre-release-full","","schema-allocation","compile-clones-entire-graph","PreparedSchemaGraph::compile deep-clones the entire schema graph on every call","moderate","crates/yamalgam-schema/src/retrieval.rs",68,86
19,"2026-08-16-06-pre-release-full","","schema-allocation","anchors-duplicate-set-clone","Anchor string cloned into two identical sets in namespace_anchors","advisory","crates/yamalgam-resolve/src/anchors.rs",32,39
19,"2026-08-16-06-pre-release-full","","schema-allocation","navigation-boxed-iterator","Boxed trait-object iterator where slice::from_ref suffices","note","crates/yamalgam-schema/src/navigation.rs",552,557
20,"2026-08-16-21-m14-pre-release","","performance","scanner-peek-at-quadratic-lookahead","Reader::peek_at is O(n) and is driven by monotonically increasing indices, making scanner lookahead quadratic","critical","crates/yamalgam-scanner/src/reader.rs",49,53
20,"2026-08-16-21-m14-pre-release","","performance","scanner-peek-at-quadratic-lookahead","Reader::peek_at is O(n) and is driven by monotonically increasing indices, making scanner lookahead quadratic","critical","crates/yamalgam-scanner/src/scanner.rs",1648,1659
20,"2026-08-16-21-m14-pre-release","","performance","scanner-peek-at-quadratic-lookahead","Reader::peek_at is O(n) and is driven by monotonically increasing indices, making scanner lookahead quadratic","critical","crates/yamalgam-scanner/src/scanner.rs",2205,2221
20,"2026-08-16-21-m14-pre-release","","performance","compose-insert-pair-quadratic-dedup","Compose deduplicates mapping keys with a linear scan of deep Value comparisons, then discards the work and deduplicates again via the indexed Mapping","critical","crates/yamalgam-compose/src/lib.rs",740,753
20,"2026-08-16-21-m14-pre-release","","performance","compose-insert-pair-quadratic-dedup","Compose deduplicates mapping keys with a linear scan of deep Value comparisons, then discards the work and deduplicates again via the indexed Mapping","critical","crates/yamalgam-compose/src/lib.rs",136,142
20,"2026-08-16-21-m14-pre-release","","performance","scanner-scalar-flags-multi-pass","scalar_content_flags makes four full passes over every scalar's text","significant","crates/yamalgam-scanner/src/scanner.rs",3144,3149
20,"2026-08-16-21-m14-pre-release","","performance","scanner-scalar-flags-multi-pass","scalar_content_flags makes four full passes over every scalar's text","significant","crates/yamalgam-scanner/src/scanner.rs",3169,3186
20,"2026-08-16-21-m14-pre-release","","performance","quoted-scalar-builds-then-discards-string","Quoted scalar scanning allocates and fills a String char-by-char, then throws it away on the zero-copy path","significant","crates/yamalgam-scanner/src/scanner.rs",2426,2427
20,"2026-08-16-21-m14-pre-release","","performance","quoted-scalar-builds-then-discards-string","Quoted scalar scanning allocates and fills a String char-by-char, then throws it away on the zero-copy path","significant","crates/yamalgam-scanner/src/scanner.rs",2667,2686
20,"2026-08-16-21-m14-pre-release","","performance","layout-index-double-hash-and-per-node-vec","LayoutIndex::build hashes each integer node key twice with SipHash and allocates a Vec per node plus a scratch Vec per traversal step","moderate","crates/yamalgam-cst/src/layout.rs",236,249
20,"2026-08-16-21-m14-pre-release","","performance","layout-index-double-hash-and-per-node-vec","LayoutIndex::build hashes each integer node key twice with SipHash and allocates a Vec per node plus a scratch Vec per traversal step","moderate","crates/yamalgam-cst/src/layout.rs",220,221
20,"2026-08-16-21-m14-pre-release","","performance","cst-to-text-no-capacity","CstNode::to_text grows a String from zero although the exact output length is already known","moderate","crates/yamalgam-cst/src/lib.rs",198,208
20,"2026-08-16-21-m14-pre-release","","performance","mapping-scalar-index-unconditional","Mapping builds a hash index on the first indexable insert regardless of size, and its benchmark never covers the small maps that dominate real YAML","moderate","crates/yamalgam-core/src/value.rs",216,241
20,"2026-08-16-21-m14-pre-release","","performance","compose-anchor-deep-clone","Anchors deep-clone their subtree at definition and again at every alias expansion","moderate","crates/yamalgam-compose/src/lib.rs",704,712
20,"2026-08-16-21-m14-pre-release","","performance","compose-anchor-deep-clone","Anchors deep-clone their subtree at definition and again at every alias expansion","moderate","crates/yamalgam-compose/src/lib.rs",601,601
20,"2026-08-16-21-m14-pre-release","","performance","resource-limits-clone-not-copy","ResourceLimits is 144 bytes of pure Copy fields but derives only Clone, and is embedded by value at three pipeline stages","advisory","crates/yamalgam-core/src/loader.rs",260,261
20,"2026-08-16-21-m14-pre-release","","performance","no-inline-on-cross-crate-accessors","Library crates carry no #[inline] attributes and rely on a thin-LTO profile that downstream crates.io consumers will not inherit","advisory","Cargo.toml",57,59
20,"2026-08-16-21-m14-pre-release","","error-handling","unbounded-compose-recursion-stack-overflow","Recursive composer aborts the process on deeply nested input when depth limits are disabled","significant","crates/yamalgam-compose/src/lib.rs",497,511
20,"2026-08-16-21-m14-pre-release","","error-handling","unbounded-compose-recursion-stack-overflow","Recursive composer aborts the process on deeply nested input when depth limits are disabled","significant","crates/yamalgam-core/src/loader.rs",299,312
20,"2026-08-16-21-m14-pre-release","","error-handling","unbounded-compose-recursion-stack-overflow","Recursive composer aborts the process on deeply nested input when depth limits are disabled","significant","crates/yamalgam-compose/src/lib.rs",934,939
20,"2026-08-16-21-m14-pre-release","","error-handling","scanner-directive-error-bypasses-terminal-state","Directive scan error returns without setting State::Done, leaving the token stream live after a fatal error","significant","crates/yamalgam-scanner/src/scanner.rs",3008,3022
20,"2026-08-16-21-m14-pre-release","","error-handling","scanner-directive-error-bypasses-terminal-state","Directive scan error returns without setting State::Done, leaving the token stream live after a fatal error","significant","crates/yamalgam-scanner/src/scanner.rs",2909,2915
20,"2026-08-16-21-m14-pre-release","","error-handling","quadratic-simple-key-purge-dos","Simple-key purge is linear per token, making scan time quadratic in nesting depth","moderate","crates/yamalgam-scanner/src/scanner.rs",739,746
20,"2026-08-16-21-m14-pre-release","","error-handling","quadratic-simple-key-purge-dos","Simple-key purge is linear per token, making scan time quadratic in nesting depth","moderate","crates/yamalgam-scanner/src/scanner.rs",2894,2899
20,"2026-08-16-21-m14-pre-release","","error-handling","quadratic-simple-key-purge-dos","Simple-key purge is linear per token, making scan time quadratic in nesting depth","moderate","crates/yamalgam-scanner/src/scanner.rs",2925,2926
20,"2026-08-16-21-m14-pre-release","","error-handling","bare-unreachable-in-file-retriever-walk","Sole message-less panic macro in the workspace sits in the filesystem walk","note","crates/yamalgam-resolve/src/retriever/file.rs",296,303
20,"2026-08-16-21-m14-pre-release","","concurrency","non-preemptible-serialized-http-retrieval","HTTP retrieval blocks uncancellably on a single serialized worker, defeating the request-deadline architecture","significant","crates/yamalgam-resolve/src/retriever/http.rs",160,178
20,"2026-08-16-21-m14-pre-release","","concurrency","non-preemptible-serialized-http-retrieval","HTTP retrieval blocks uncancellably on a single serialized worker, defeating the request-deadline architecture","significant","crates/yamalgam-resolve/src/retriever/http.rs",206,226
20,"2026-08-16-21-m14-pre-release","","concurrency","non-preemptible-serialized-http-retrieval","HTTP retrieval blocks uncancellably on a single serialized worker, defeating the request-deadline architecture","significant","crates/yamalgam-schema/src/retrieval.rs",2213,2218
20,"2026-08-16-21-m14-pre-release","","concurrency","displaced-request-id-never-answered","A displaced in-flight request ID is cancelled but never receives a JSON-RPC response","moderate","crates/yamalgam-lsp/src/server.rs",1112,1123
20,"2026-08-16-21-m14-pre-release","","concurrency","displaced-request-id-never-answered","A displaced in-flight request ID is cancelled but never receives a JSON-RPC response","moderate","crates/yamalgam-lsp/src/server.rs",1215,1217
20,"2026-08-16-21-m14-pre-release","","concurrency","displaced-request-id-never-answered","A displaced in-flight request ID is cancelled but never receives a JSON-RPC response","moderate","crates/yamalgam-lsp/src/server.rs",1282,1292
20,"2026-08-16-21-m14-pre-release","","concurrency","undocumented-nested-lock-order-in-source-snapshot","RequestSourceSnapshot nests two mutexes with the ordering held only by implicit temporary-drop timing","advisory","crates/yamalgam-lsp/src/server.rs",498,521
20,"2026-08-16-21-m14-pre-release","","api-design","resolver-required-method-never-called-forces-per-event-config-clone","Resolver's required method is the one the framework never calls, splitting policy enforcement and forcing a per-event LoaderConfig clone","significant","crates/yamalgam-parser/src/resolve.rs",288,305
20,"2026-08-16-21-m14-pre-release","","api-design","resolver-required-method-never-called-forces-per-event-config-clone","Resolver's required method is the one the framework never calls, splitting policy enforcement and forcing a per-event LoaderConfig clone","significant","crates/yamalgam-parser/src/resolve.rs",316,334
20,"2026-08-16-21-m14-pre-release","","api-design","resolver-required-method-never-called-forces-per-event-config-clone","Resolver's required method is the one the framework never calls, splitting policy enforcement and forcing a per-event LoaderConfig clone","significant","crates/yamalgam-parser/src/resolve.rs",401,404
20,"2026-08-16-21-m14-pre-release","","api-design","resolver-required-method-never-called-forces-per-event-config-clone","Resolver's required method is the one the framework never calls, splitting policy enforcement and forcing a per-event LoaderConfig clone","significant","crates/yamalgam-resolve/src/builtin.rs",108,121
20,"2026-08-16-21-m14-pre-release","","api-design","combinatorial-entry-point-explosion","Forty-one free functions and constructors encode the same three orthogonal parse options instead of one builder","significant","crates/yamalgam-cst/src/lib.rs",788,814
20,"2026-08-16-21-m14-pre-release","","api-design","combinatorial-entry-point-explosion","Forty-one free functions and constructors encode the same three orthogonal parse options instead of one builder","significant","crates/yamalgam-compose/src/lib.rs",916,939
20,"2026-08-16-21-m14-pre-release","","api-design","resource-limits-missing-copy-derive","ResourceLimits is all-Copy fields but derives only Clone, forcing RefCell and per-value clones in the query hot path","moderate","crates/yamalgam-core/src/loader.rs",260,280
20,"2026-08-16-21-m14-pre-release","","api-design","resource-limits-missing-copy-derive","ResourceLimits is all-Copy fields but derives only Clone, forcing RefCell and per-value clones in the query hot path","moderate","crates/yamalgam-core/src/loader.rs",463,475
20,"2026-08-16-21-m14-pre-release","","api-design","resource-limits-missing-copy-derive","ResourceLimits is all-Copy fields but derives only Clone, forcing RefCell and per-value clones in the query hot path","moderate","crates/yamalgam-query/src/runtime_limits.rs",19,24
20,"2026-08-16-21-m14-pre-release","","api-design","resource-limits-missing-copy-derive","ResourceLimits is all-Copy fields but derives only Clone, forcing RefCell and per-value clones in the query hot path","moderate","crates/yamalgam-query/src/runtime_limits.rs",41,43
20,"2026-08-16-21-m14-pre-release","","api-design","resource-limits-missing-copy-derive","ResourceLimits is all-Copy fields but derives only Clone, forcing RefCell and per-value clones in the query hot path","moderate","crates/yamalgam-query/src/value.rs",1029,1039
20,"2026-08-16-21-m14-pre-release","","api-design","discovery-result-deref-leaks-representation","DiscoveryResult implements Deref to a slice of one field, making .len() silently mean resources rather than visited","moderate","crates/yamalgam-resolve/src/retriever/mod.rs",95,123
20,"2026-08-16-21-m14-pre-release","","api-design","server-derefmut-hides-copy-on-write-clone","Server's DerefMut silently deep-clones the whole ServerSnapshot on any mutable field access","moderate","crates/yamalgam-lsp/src/server.rs",611,623
20,"2026-08-16-21-m14-pre-release","","api-design","server-derefmut-hides-copy-on-write-clone","Server's DerefMut silently deep-clones the whole ServerSnapshot on any mutable field access","moderate","crates/yamalgam-lsp/src/server.rs",596,609
20,"2026-08-16-21-m14-pre-release","","api-design","config-structs-lack-non-exhaustive","Every public error enum is #[non_exhaustive] but no config struct or data enum is, making any added limit or event variant a breaking change","moderate","crates/yamalgam-core/src/loader.rs",164,167
20,"2026-08-16-21-m14-pre-release","","api-design","config-structs-lack-non-exhaustive","Every public error enum is #[non_exhaustive] but no config struct or data enum is, making any added limit or event variant a breaking change","moderate","crates/yamalgam-core/src/loader.rs",40,50
20,"2026-08-16-21-m14-pre-release","","api-design","config-structs-lack-non-exhaustive","Every public error enum is #[non_exhaustive] but no config struct or data enum is, making any added limit or event variant a breaking change","moderate","crates/yamalgam-parser/src/event.rs",22,26
20,"2026-08-16-21-m14-pre-release","","api-design","policy-structs-missing-derivable-default","IncludePolicy, FilePolicy, RefPolicy, and ResourceLimits omit a Default that derive would produce exactly","advisory","crates/yamalgam-core/src/loader.rs",604,626
20,"2026-08-16-21-m14-pre-release","","supply-chain","http-network-stack-enabled-by-default","`http` is a default feature in five crates, linking tokio/hyper/rustls/ring into every yg build","significant","crates/yamalgam/Cargo.toml",27,34
20,"2026-08-16-21-m14-pre-release","","supply-chain","http-network-stack-enabled-by-default","`http` is a default feature in five crates, linking tokio/hyper/rustls/ring into every yg build","significant","crates/yamalgam-resolve/Cargo.toml",12,14
20,"2026-08-16-21-m14-pre-release","","supply-chain","http-network-stack-enabled-by-default","`http` is a default feature in five crates, linking tokio/hyper/rustls/ring into every yg build","significant","crates/yamalgam-query/Cargo.toml",16,18
20,"2026-08-16-21-m14-pre-release","","supply-chain","http-network-stack-enabled-by-default","`http` is a default feature in five crates, linking tokio/hyper/rustls/ring into every yg build","significant","crates/yamalgam-schema/Cargo.toml",12,14
20,"2026-08-16-21-m14-pre-release","","supply-chain","http-network-stack-enabled-by-default","`http` is a default feature in five crates, linking tokio/hyper/rustls/ring into every yg build","significant","crates/yamalgam-lsp/Cargo.toml",12,14
20,"2026-08-16-21-m14-pre-release","","supply-chain","schema-validation-not-feature-gated","jsonschema and its regex stack ship unconditionally, dominating the yg binary","significant","crates/yamalgam/Cargo.toml",65,70
20,"2026-08-16-21-m14-pre-release","","supply-chain","schema-validation-not-feature-gated","jsonschema and its regex stack ship unconditionally, dominating the yg binary","significant","crates/yamalgam-schema/Cargo.toml",16,19
20,"2026-08-16-21-m14-pre-release","","supply-chain","tokio-runtime-for-blocking-http-fetch","A private tokio runtime is spun up to serve a fully synchronous HTTP fetch","moderate","crates/yamalgam-resolve/src/retriever/http.rs",55,68
20,"2026-08-16-21-m14-pre-release","","supply-chain","tokio-runtime-for-blocking-http-fetch","A private tokio runtime is spun up to serve a fully synchronous HTTP fetch","moderate","crates/yamalgam-resolve/Cargo.toml",20,23
20,"2026-08-16-21-m14-pre-release","","supply-chain","second-yaml-parser-shipped-for-config","A YAML tool links a competing YAML parser to read its own config file","moderate","crates/yamalgam/Cargo.toml",71,73
20,"2026-08-16-21-m14-pre-release","","supply-chain","encoding-rs-for-two-utf16-constants","encoding_rs is linked whole to reference two UTF-16 constants","moderate","crates/yamalgam-scanner/src/input.rs",65,77
20,"2026-08-16-21-m14-pre-release","","supply-chain","encoding-rs-for-two-utf16-constants","encoding_rs is linked whole to reference two UTF-16 constants","moderate","crates/yamalgam-scanner/Cargo.toml",12,12
20,"2026-08-16-21-m14-pre-release","","supply-chain","jsonschema-exact-version-pin","Exact `=0.49.8` pin blocks patch updates while its own siblings float to 0.49.9","moderate","crates/yamalgam-schema/Cargo.toml",16,19
20,"2026-08-16-21-m14-pre-release","","supply-chain","jsonschema-exact-version-pin","Exact `=0.49.8` pin blocks patch updates while its own siblings float to 0.49.9","moderate","crates/yamalgam-schema/Cargo.toml",30,30
20,"2026-08-16-21-m14-pre-release","","supply-chain","no-workspace-dependency-table","No `[workspace.dependencies]` — shared externals are redeclared in every crate","moderate","Cargo.toml",1,5
20,"2026-08-16-21-m14-pre-release","","supply-chain","no-workspace-dependency-table","No `[workspace.dependencies]` — shared externals are redeclared in every crate","moderate","Cargo.toml",21,30
20,"2026-08-16-21-m14-pre-release","","supply-chain","base64-major-version-lag","base64 held at 0.22 in two crates while the tree already carries 0.23","advisory","crates/yamalgam-emit/Cargo.toml",12,14
20,"2026-08-16-21-m14-pre-release","","supply-chain","base64-major-version-lag","base64 held at 0.22 in two crates while the tree already carries 0.23","advisory","crates/yamalgam-serde/Cargo.toml",16,16
20,"2026-08-16-21-m14-pre-release","","supply-chain","deny-policy-preapproves-openssl-license","License allow-list pre-approves OpenSSL for a dependency that is not in the tree","advisory",".config/deny.toml",31,32
20,"2026-08-16-21-m14-pre-release","","supply-chain","deny-policy-preapproves-openssl-license","License allow-list pre-approves OpenSSL for a dependency that is not in the tree","advisory",".config/deny.toml",51,52
20,"2026-08-16-21-m14-pre-release","","supply-chain","duplicate-version-gate-never-fails","cargo-deny's duplicate and wildcard checks are set to never fail CI","advisory",".config/deny.toml",67,79
20,"2026-08-16-21-m14-pre-release","","supply-chain","libyaml-safer-missing-license-field","Benchmark peer libyaml-safer declares no license","note","crates/yamalgam-bench/Cargo.toml",23,23
20,"2026-08-16-21-m14-pre-release","","feature-completeness","facade-omits-core-emit-serde-namespaces","Facade re-exports 8 sibling crates as namespaces but leaves yamalgam-core, -emit, and -serde as partial item lists","significant","crates/yamalgam/src/lib.rs",60,87
20,"2026-08-16-21-m14-pre-release","","feature-completeness","library-cannot-select-tag-resolution-schema","Schema-aware scalar resolution is reachable from the CLI but has no path through the library facade","significant","crates/yamalgam-core/src/loader.rs",152,157
20,"2026-08-16-21-m14-pre-release","","feature-completeness","hollow-http-default-in-forwarding-crates","Three crates default-enable an `http` feature that gates no code, pulling a TLS stack into a server documented as network-free","significant","crates/yamalgam-lsp/Cargo.toml",12,14
20,"2026-08-16-21-m14-pre-release","","feature-completeness","hollow-http-default-in-forwarding-crates","Three crates default-enable an `http` feature that gates no code, pulling a TLS stack into a server documented as network-free","significant","crates/yamalgam-query/Cargo.toml",16,18
20,"2026-08-16-21-m14-pre-release","","feature-completeness","hollow-http-default-in-forwarding-crates","Three crates default-enable an `http` feature that gates no code, pulling a TLS stack into a server documented as network-free","significant","crates/yamalgam-schema/Cargo.toml",12,14
20,"2026-08-16-21-m14-pre-release","","feature-completeness","from-reader-cannot-tighten-loader-config","The reader deserialization path can only loosen resource limits, never tighten them","significant","crates/yamalgam-serde/src/lib.rs",135,141
20,"2026-08-16-21-m14-pre-release","","feature-completeness","http-feature-undocumented","The default `http` feature that controls all network retrieval is documented nowhere","advisory","crates/yamalgam/Cargo.toml",27,35
20,"2026-08-16-21-m14-pre-release","","feature-completeness","missing-debug-on-public-entry-points","32 public types lack Debug, including Parser, Scanner, Emitter, Serializer, and Deserializer","moderate","crates/yamalgam-parser/src/parser.rs",74,77
20,"2026-08-16-21-m14-pre-release","","feature-completeness","no-docsrs-metadata","No docs.rs metadata, so the documented yamalgam::lsp namespace will be absent from published docs","moderate","crates/yamalgam/src/lib.rs",11,15
20,"2026-08-16-21-m14-pre-release","","feature-completeness","validate-report-yaml-only-under-text-format","`yg validate` defaults to JSON and offers its YAML report only under the format name `text`","note","README.md",79,82
21,"2026-08-17-07-pre-release-m14","","round-trip-editing","layout-range-overlap","parse_tracked_with_config rejects valid YAML when comments sit at nesting boundaries","significant","crates/yamalgam-cst/src/layout.rs",132,134
21,"2026-08-17-07-pre-release-m14","","round-trip-editing","layout-range-overlap","parse_tracked_with_config rejects valid YAML when comments sit at nesting boundaries","significant","crates/yamalgam-query/src/build.rs",102,103
21,"2026-08-17-07-pre-release-m14","","round-trip-editing","planner-deletes-comments","Splice planner deletes unchanged comments and emits whitespace-only junk lines","significant","crates/yamalgam-query/src/edit.rs",410,415
21,"2026-08-17-07-pre-release-m14","","round-trip-editing","comment-ownership-mismatch","Trailing-comment ownership rule does not hold inside nested blocks","moderate","docs/round-trip-editing.md",88,88
21,"2026-08-17-07-pre-release-m14","","emitter-api-completeness","scalar-types-unreachable","ScalarStyle and Chomp types are unnameable from the documented import path","moderate","crates/yamalgam-emit/src/event.rs",159,170
21,"2026-08-17-07-pre-release-m14","","emitter-api-completeness","scalar-types-unreachable","ScalarStyle and Chomp types are unnameable from the documented import path","moderate","crates/yamalgam-emit/src/lib.rs",28,31
21,"2026-08-17-07-pre-release-m14","","emitter-api-completeness","event-no-parse-back-bridge","Event tier has no parse-back bridge — Event and EmitEvent are incompatible types","moderate","crates/yamalgam-emit/src/emitter.rs",394,394
21,"2026-08-17-07-pre-release-m14","","lsp-documentation-contract","lsp-doc-schema-paths-incoherent","Every editor snippet in LSP docs uses an unresolvable schema path","significant","docs/yg/language-server.md",33,34
21,"2026-08-17-07-pre-release-m14","","lsp-documentation-contract","lsp-doc-schema-paths-incoherent","Every editor snippet in LSP docs uses an unresolvable schema path","significant","crates/yamalgam-lsp/src/document.rs",222,222
21,"2026-08-17-07-pre-release-m14","","lsp-documentation-contract","lsp-missing-root-silences-features","Missing project root silently disables schema validation and go-to-definition","moderate","crates/yamalgam-lsp/src/server.rs",1576,1583
21,"2026-08-17-07-pre-release-m14","","lsp-documentation-contract","lsp-type-aware-completion-not-implemented","Documentation claims 'type-aware completion' but completion ignores schema types","advisory","docs/yg/language-server.md",168,168
21,"2026-08-17-07-pre-release-m14","","lsp-documentation-contract","lsp-type-aware-completion-not-implemented","Documentation claims 'type-aware completion' but completion ignores schema types","advisory","crates/yamalgam-lsp/src/completion.rs",57,78
21,"2026-08-17-07-pre-release-m14","","lsp-documentation-contract","lsp-schema-uri-bare-path","Diagnostic data.schemaUri is a bare filesystem path for local schemas","advisory","crates/yamalgam-lsp/src/diagnostics.rs",1599,1601
21,"2026-08-17-07-pre-release-m14","","supply-chain-posture","transitive-base64-duplicate","Two versions of base64 in the dependency tree","note","Cargo.lock",1,1
22,"2026-08-17-11-pre-release-m14","","input-boundary","u32-to-i32-column-cast","u32 column cast to i32 silently corrupts token stream on long lines","significant","crates/yamalgam-scanner/src/scanner.rs",3015,3022
22,"2026-08-17-11-pre-release-m14","","input-boundary","u32-column-counter-overflow","Unguarded u32 column counter wraps on lines exceeding 4 billion characters","moderate","crates/yamalgam-scanner/src/reader.rs",125,127
22,"2026-08-17-11-pre-release-m14","","input-boundary","unbounded-cst-build-recursion","CST build_node recurses without depth limit, enabling stack overflow on deep nesting","significant","crates/yamalgam-cst/src/syntax.rs",177,184
22,"2026-08-17-11-pre-release-m14","","input-boundary","depth-guards-bypassable","ResourceLimits::unchecked() disables all depth guards and is public API","moderate","crates/yamalgam-core/src/loader.rs",315,329
22,"2026-08-17-11-pre-release-m14","","error-fidelity","alias-cycle-swallowed","Schema alias cycle silently swallowed, causing stale validator cache","significant","crates/yamalgam-schema/src/retrieval.rs",2031,2036
22,"2026-08-17-11-pre-release-m14","","error-fidelity","tag-decode-silent-fallback","Invalid UTF-8 in percent-decoded tag silently yields the raw undecoded tag","significant","crates/yamalgam-scanner/src/scanner.rs",3350,3367
22,"2026-08-17-11-pre-release-m14","","error-fidelity","glob-error-detail-lost","Glob compilation error discards the reason, keeping only the pattern text","advisory","crates/yamalgam-resolve/src/retriever/file.rs",586,599
22,"2026-08-17-11-pre-release-m14","","error-fidelity","io-error-context-lost","std::path::absolute I/O errors mapped to InvalidBase, losing the OS error","advisory","crates/yamalgam-schema/src/retrieval.rs",2641,2645
22,"2026-08-17-11-pre-release-m14","","error-fidelity","io-error-context-lost","std::path::absolute I/O errors mapped to InvalidBase, losing the OS error","advisory","crates/yamalgam-schema/src/selection.rs",618,622
22,"2026-08-17-11-pre-release-m14","","error-fidelity","utf16-decode-error-loses-surrogate","UTF-16 decode error drops the unpaired surrogate value from the diagnostic","note","crates/yamalgam-scanner/src/input.rs",79,81
22,"2026-08-17-11-pre-release-m14","","pre-release-hygiene","fetch-update-deprecated","fetch_update renamed to try_update — 2 call sites using deprecated name","advisory","crates/yamalgam-query/src/engine.rs",142,145
22,"2026-08-17-11-pre-release-m14","","pre-release-hygiene","fetch-update-deprecated","fetch_update renamed to try_update — 2 call sites using deprecated name","advisory","crates/yamalgam-query/src/source.rs",205,208
22,"2026-08-17-11-pre-release-m14","","pre-release-hygiene","missing-const-fn-clippy","Clippy missing_const_for_fn lint on query command helper","note","crates/yamalgam/src/commands/query.rs",2103,2103
23,"2026-08-17-14-full-repo","","unsafe-code","undocumented-panic-payload-forget","Panic containment leaks a payload without documenting the invariant","advisory","crates/yamalgam-lsp/src/server.rs",1367,1371
23,"2026-08-17-14-full-repo","","unsafe-code","undocumented-deep-fixture-forgets","Deep-tree tests suppress Drop without accounting for leaked fixtures","note","crates/yamalgam-cst/src/lib.rs",1049,1049
23,"2026-08-17-14-full-repo","","unsafe-code","undocumented-deep-fixture-forgets","Deep-tree tests suppress Drop without accounting for leaked fixtures","note","crates/yamalgam-compose/src/lib.rs",2050,2050
23,"2026-08-17-14-full-repo","","unsafe-code","undocumented-deep-fixture-forgets","Deep-tree tests suppress Drop without accounting for leaked fixtures","note","crates/yamalgam-compose/src/lib.rs",2061,2061
23,"2026-08-17-14-full-repo","","unsafe-code","undocumented-deep-fixture-forgets","Deep-tree tests suppress Drop without accounting for leaked fixtures","note","crates/yamalgam-compose/src/lib.rs",2070,2070
23,"2026-08-17-14-full-repo","","unsafe-code","undocumented-deep-fixture-forgets","Deep-tree tests suppress Drop without accounting for leaked fixtures","note","crates/yamalgam-compose/src/lib.rs",2082,2082
23,"2026-08-17-14-full-repo","","unsafe-code","undocumented-deep-fixture-forgets","Deep-tree tests suppress Drop without accounting for leaked fixtures","note","crates/yamalgam-compose/src/lib.rs",2119,2119
23,"2026-08-17-14-full-repo","","unsafe-code","undocumented-deep-fixture-forgets","Deep-tree tests suppress Drop without accounting for leaked fixtures","note","crates/yamalgam-resolve/tests/document.rs",249,249
23,"2026-08-17-14-full-repo","","unsafe-code","undocumented-deep-fixture-forgets","Deep-tree tests suppress Drop without accounting for leaked fixtures","note","crates/yamalgam-query/tests/validation.rs",290,290
23,"2026-08-17-14-full-repo","","memory-management","bound-variable-vectors-lack-known-capacity","Bound-variable vectors reallocate despite an exact argument count","note","crates/yamalgam/src/commands/query.rs",1071,1091
23,"2026-08-17-14-full-repo","","memory-management","query-sequence-capacity-hints-discarded","Query sequence construction discards iterator capacity hints","advisory","crates/yamalgam-query/src/value.rs",1168,1185
23,"2026-08-17-14-full-repo","","ownership-and-borrowing","lsp-change-batch-clones-all-document-slots","Every LSP change clones the complete document-slot table","moderate","crates/yamalgam-lsp/src/document.rs",123,134
23,"2026-08-17-14-full-repo","","ownership-and-borrowing","schema-navigation-deep-clones-located-documents","Schema graph assembly deep-clones every located document","moderate","crates/yamalgam-schema/src/retrieval.rs",1620,1632
23,"2026-08-17-14-full-repo","","ownership-and-borrowing","resolution-handle-exposes-refcell-borrow-panics","Public resolution handles expose runtime borrow panics","moderate","crates/yamalgam-query/src/resolution.rs",53,54
23,"2026-08-17-14-full-repo","","ownership-and-borrowing","schema-compile-consumes-read-only-options","Schema compilation consumes options it only reads","advisory","crates/yamalgam-schema/src/schema.rs",132,149
23,"2026-08-17-14-full-repo","","ownership-and-borrowing","schema-dependency-lookup-deep-clones-graphs","Schema dependency lookup deep-clones each retained graph","moderate","crates/yamalgam-lsp/src/diagnostics.rs",1305,1318
23,"2026-08-17-14-full-repo","","error-handling","config-discovery-discards-filesystem-errors","Project configuration discovery converts filesystem failures into missing configuration","moderate","crates/yamalgam/src/config.rs",208,229
23,"2026-08-17-14-full-repo","","error-handling","scratch-allocation-error-loses-typed-variant","Serde serialization downgrades scratch-allocation failures to untyped errors","moderate","crates/yamalgam-serde/src/ser.rs",36,58
23,"2026-08-17-14-full-repo","","concurrency","unbounded-lsp-request-queue","The LSP worker queue has no backpressure","moderate","crates/yamalgam-lsp/src/server.rs",1242,1267
23,"2026-08-17-14-full-repo","","concurrency","cancelled-http-fetches-accumulate-threads","Cancelled HTTP fetches leave request-scoped OS threads running","moderate","crates/yamalgam-resolve/src/retriever/http.rs",124,147
23,"2026-08-17-14-full-repo","","dependency-fitness","librebar-cli-feature-compiles-unused-generators","Librebar's bundled CLI feature compiles generators that yg does not use","advisory","crates/yamalgam/Cargo.toml",78,78
23,"2026-08-17-14-full-repo","","completeness","default-build-rejects-shipped-config-template","The default build rejects the shipped configuration templates","moderate","crates/yamalgam/src/config.rs",86,102
23,"2026-08-17-14-full-repo","","completeness","scanner-facade-omits-primary-entry-point","The scanner facade omits its primary scanner and error types","advisory","crates/yamalgam-scanner/src/lib.rs",10,24
23,"2026-08-17-14-full-repo","","completeness","getting-started-promises-unsupported-http-includes","Getting started presents remote includes as an HTTP capability","advisory","docs/yg/README.md",9,11
23,"2026-08-17-14-full-repo","","performance","splice-origin-index-uses-siphash-for-internal-ids","Splice reconciliation SipHashes internal source identities","advisory","crates/yamalgam-query/src/edit.rs",1710,1748
24,"2026-08-17-18-m14-pre-release","","utf16-position-api","utf16-position-uses-raw-tuples","UTF-16 positions are not type-distinguished","moderate","crates/yamalgam-cst/src/incremental.rs",270,287
24,"2026-08-17-18-m14-pre-release","","lsp-definition-lookup","lsp-definition-per-line-rope-materialization","Definition lookup allocates one String per source line","moderate","crates/yamalgam-lsp/src/definition.rs",457,521
25,"2026-08-17-20-m14-pre-release","","resolution-ownership","disabled-resolution-deep-clones-root-document","Disabled resolution still deep-clones every root document","moderate","crates/yamalgam-query/src/runtime_resolution.rs",37,46
25,"2026-08-17-20-m14-pre-release","","resolution-ownership","disabled-resolution-deep-clones-root-document","Disabled resolution still deep-clones every root document","moderate","crates/yamalgam-query/src/runtime_resolution.rs",67,79
25,"2026-08-17-20-m14-pre-release","","resolution-ownership","disabled-resolution-deep-clones-root-document","Disabled resolution still deep-clones every root document","moderate","crates/yamalgam-core/src/loader.rs",556,568
25,"2026-08-17-20-m14-pre-release","","resolution-ownership","disabled-resolution-deep-clones-root-document","Disabled resolution still deep-clones every root document","moderate","crates/yamalgam-core/src/loader.rs",634,638
25,"2026-08-17-20-m14-pre-release","","resolution-ownership","session-query-resolver-duplicates-loader-config","Each query resolver retains two independent loader configurations","advisory","crates/yamalgam-query/src/runtime_resolution.rs",19,33
25,"2026-08-17-20-m14-pre-release","","resolution-ownership","session-query-resolver-duplicates-loader-config","Each query resolver retains two independent loader configurations","advisory","crates/yamalgam-query/src/resolution.rs",285,289
25,"2026-08-17-20-m14-pre-release","","resolution-ownership","session-query-resolver-duplicates-loader-config","Each query resolver retains two independent loader configurations","advisory","crates/yamalgam-query/src/resolution.rs",366,370
25,"2026-08-17-20-m14-pre-release","","resolution-ownership","schema-graph-preload-clones-ancestor-path-per-edge","Schema graph preload allocates an ancestor vector for every edge","moderate","crates/yamalgam-schema/src/retrieval.rs",1942,1949
25,"2026-08-17-20-m14-pre-release","","resolution-ownership","schema-graph-preload-clones-ancestor-path-per-edge","Schema graph preload allocates an ancestor vector for every edge","moderate","crates/yamalgam-schema/src/retrieval.rs",1866,1882
25,"2026-08-17-20-m14-pre-release","","resolution-ownership","schema-traversal-allocates-child-buffer-per-node","Schema reference traversal allocates a temporary child vector for every internal node","moderate","crates/yamalgam-schema/src/retrieval.rs",2639,2655
25,"2026-08-17-20-m14-pre-release","","resolution-ownership","schema-traversal-allocates-child-buffer-per-node","Schema reference traversal allocates a temporary child vector for every internal node","moderate","crates/yamalgam-schema/src/retrieval.rs",2581,2597
25,"2026-08-17-20-m14-pre-release","","interactive-schema","schema-context-expansion-clones-cursor-state","Schema context expansion deep-clones cursor strings for every visited alternative","moderate","crates/yamalgam-schema/src/navigation.rs",349,365
25,"2026-08-17-20-m14-pre-release","","interactive-schema","schema-context-expansion-clones-cursor-state","Schema context expansion deep-clones cursor strings for every visited alternative","moderate","crates/yamalgam-schema/src/navigation.rs",237,260
25,"2026-08-17-20-m14-pre-release","","interactive-schema","schema-context-expansion-clones-cursor-state","Schema context expansion deep-clones cursor strings for every visited alternative","moderate","crates/yamalgam-lsp/src/completion.rs",54,55
25,"2026-08-17-20-m14-pre-release","","interactive-schema","schema-context-expansion-clones-cursor-state","Schema context expansion deep-clones cursor strings for every visited alternative","moderate","crates/yamalgam-lsp/src/hover.rs",61,61
25,"2026-08-17-20-m14-pre-release","","interactive-schema","completion-items-grow-without-known-capacity","LSP completion grows its output vector despite already knowing the candidate count","advisory","crates/yamalgam-lsp/src/completion.rs",54,66
25,"2026-08-17-20-m14-pre-release","","interactive-schema","completion-items-grow-without-known-capacity","LSP completion grows its output vector despite already knowing the candidate count","advisory","crates/yamalgam-lsp/src/completion.rs",93,115
25,"2026-08-17-20-m14-pre-release","","composition-hot-path","compose-alias-lookup-eagerly-owns-name","Successful alias lookup allocates and drops an owned name","moderate","crates/yamalgam-compose/src/lib.rs",1064,1076
25,"2026-08-17-20-m14-pre-release","","composition-hot-path","compose-alias-lookup-eagerly-owns-name","Successful alias lookup allocates and drops an owned name","moderate","crates/yamalgam-scanner/src/scanner.rs",2007,2009
25,"2026-08-17-20-m14-pre-release","","observability-contract","doctor-checks-unrelated-log-directory","Doctor checks the platform default instead of the active log target","advisory","crates/yamalgam/src/commands/doctor.rs",76,99
25,"2026-08-17-20-m14-pre-release","","observability-contract","doctor-checks-unrelated-log-directory","Doctor checks the platform default instead of the active log target","advisory","crates/yamalgam/src/config.rs",90,95
25,"2026-08-17-20-m14-pre-release","","observability-contract","doctor-checks-unrelated-log-directory","Doctor checks the platform default instead of the active log target","advisory","crates/yamalgam/src/main.rs",56,70
25,"2026-08-17-20-m14-pre-release","","observability-contract","doctor-checks-unrelated-log-directory","Doctor checks the platform default instead of the active log target","advisory","docs/yg/troubleshooting.md",155,159
25,"2026-08-17-20-m14-pre-release","","observability-contract","doctor-checks-unrelated-log-directory","Doctor checks the platform default instead of the active log target","advisory","docs/yg/reference.md",130,131
26,"2026-08-17-21-m14-pre-release-rerun","","robustness","query-identity-inventory-recurses-without-depth-bound","Identity filters recurse through caller-supplied values without a depth bound","significant","crates/yamalgam-query/src/value.rs",1086,1132
26,"2026-08-17-21-m14-pre-release-rerun","","robustness","schema-semantic-digest-recurses-without-depth-bound","Schema document construction recursively hashes unbounded semantic values","significant","crates/yamalgam-schema/src/retrieval.rs",3496,3522
26,"2026-08-17-21-m14-pre-release-rerun","","ownership","memory-retriever-deep-clones-resource-bytes","Memory retrieval deep-clones every resource payload","moderate","crates/yamalgam-resolve/src/retriever/memory.rs",24,41
26,"2026-08-17-21-m14-pre-release-rerun","","ownership","memory-retriever-deep-clones-resource-bytes","Memory retrieval deep-clones every resource payload","moderate","crates/yamalgam-resolve/src/retriever/mod.rs",211,219
26,"2026-08-17-21-m14-pre-release-rerun","","ownership","lsp-edits-clone-replacement-text","LSP edits clone replacement text before Rope insertion","moderate","crates/yamalgam-lsp/src/document.rs",156,181
26,"2026-08-17-21-m14-pre-release-rerun","","ownership","lsp-edits-clone-replacement-text","LSP edits clone replacement text before Rope insertion","moderate","crates/yamalgam-cst/src/incremental.rs",21,25
26,"2026-08-17-21-m14-pre-release-rerun","","performance","scanner-lookahead-rescans-prefix-quadratically","Variable-width scanner lookahead rescans UTF-8 prefixes quadratically","significant","crates/yamalgam-scanner/src/reader.rs",89,103
26,"2026-08-17-21-m14-pre-release-rerun","","performance","scanner-lookahead-rescans-prefix-quadratically","Variable-width scanner lookahead rescans UTF-8 prefixes quadratically","significant","crates/yamalgam-scanner/src/scanner.rs",2145,2151
26,"2026-08-17-21-m14-pre-release-rerun","","performance","scanner-lookahead-rescans-prefix-quadratically","Variable-width scanner lookahead rescans UTF-8 prefixes quadratically","significant","crates/yamalgam-scanner/src/scanner.rs",2372,2375
26,"2026-08-17-21-m14-pre-release-rerun","","performance","scanner-lookahead-rescans-prefix-quadratically","Variable-width scanner lookahead rescans UTF-8 prefixes quadratically","significant","crates/yamalgam-scanner/src/scanner.rs",2685,2688
26,"2026-08-17-21-m14-pre-release-rerun","","performance","scanner-lookahead-rescans-prefix-quadratically","Variable-width scanner lookahead rescans UTF-8 prefixes quadratically","significant","crates/yamalgam-scanner/src/scanner.rs",2936,2942
26,"2026-08-17-21-m14-pre-release-rerun","","performance","emitter-reallocates-key-event-buffer-per-entry","Mapping emission discards key-buffer capacity after every entry","moderate","crates/yamalgam-emit/src/emitter.rs",1234,1260
26,"2026-08-17-21-m14-pre-release-rerun","","performance","emitter-reallocates-key-event-buffer-per-entry","Mapping emission discards key-buffer capacity after every entry","moderate","crates/yamalgam-emit/src/emitter.rs",1334,1338
26,"2026-08-17-21-m14-pre-release-rerun","","performance","lsp-pointer-construction-copies-prefixes","LSP editor paths repeatedly allocate and copy accumulated pointers","moderate","crates/yamalgam-lsp/src/completion.rs",270,292
26,"2026-08-17-21-m14-pre-release-rerun","","performance","lsp-pointer-construction-copies-prefixes","LSP editor paths repeatedly allocate and copy accumulated pointers","moderate","crates/yamalgam-lsp/src/completion.rs",369,375
26,"2026-08-17-21-m14-pre-release-rerun","","performance","lsp-pointer-construction-copies-prefixes","LSP editor paths repeatedly allocate and copy accumulated pointers","moderate","crates/yamalgam-lsp/src/completion.rs",88,102
26,"2026-08-17-21-m14-pre-release-rerun","","performance","lsp-pointer-construction-copies-prefixes","LSP editor paths repeatedly allocate and copy accumulated pointers","moderate","crates/yamalgam-lsp/src/hover.rs",48,61
26,"2026-08-17-21-m14-pre-release-rerun","","performance","schema-navigation-recreates-traversal-scratch","Schema navigation recreates traversal collections for every path segment","advisory","crates/yamalgam-schema/src/navigation.rs",395,398
26,"2026-08-17-21-m14-pre-release-rerun","","performance","schema-navigation-recreates-traversal-scratch","Schema navigation recreates traversal collections for every path segment","advisory","crates/yamalgam-schema/src/navigation.rs",285,306
26,"2026-08-17-21-m14-pre-release-rerun","","performance","schema-navigation-recreates-traversal-scratch","Schema navigation recreates traversal collections for every path segment","advisory","crates/yamalgam-schema/src/navigation.rs",449,451
26,"2026-08-17-21-m14-pre-release-rerun","","performance","schema-navigation-recreates-traversal-scratch","Schema navigation recreates traversal collections for every path segment","advisory","crates/yamalgam-lsp/src/completion.rs",95,102
26,"2026-08-17-21-m14-pre-release-rerun","","performance","schema-navigation-recreates-traversal-scratch","Schema navigation recreates traversal collections for every path segment","advisory","crates/yamalgam-lsp/src/hover.rs",54,61
26,"2026-08-17-21-m14-pre-release-rerun","","performance","cst-comment-offsets-use-siphash","CST comment ownership uses hardened hashing for integer offsets","advisory","crates/yamalgam-cst/src/layout.rs",1171,1174
26,"2026-08-17-21-m14-pre-release-rerun","","performance","cst-comment-offsets-use-siphash","CST comment ownership uses hardened hashing for integer offsets","advisory","crates/yamalgam-cst/src/layout.rs",993,998
26,"2026-08-17-21-m14-pre-release-rerun","","performance","cst-comment-offsets-use-siphash","CST comment ownership uses hardened hashing for integer offsets","advisory","crates/yamalgam-cst/src/layout.rs",1262,1270
26,"2026-08-17-21-m14-pre-release-rerun","","performance","cst-comment-offsets-use-siphash","CST comment ownership uses hardened hashing for integer offsets","advisory","crates/yamalgam-cst/src/layout.rs",371,380
26,"2026-08-17-21-m14-pre-release-rerun","","dependencies","toml-default-display-feature-unused","TOML parser enables an unused display subsystem","advisory","crates/yamalgam/Cargo.toml",84,84
26,"2026-08-17-21-m14-pre-release-rerun","","completeness","event-compliance-claim-exceeds-known-results","Reported 350/351 event compliance masks 20 failing fixtures","significant","README.md",46,47
26,"2026-08-17-21-m14-pre-release-rerun","","completeness","event-compliance-claim-exceeds-known-results","Reported 350/351 event compliance masks 20 failing fixtures","significant","crates/yamalgam-compare/tests/compliance.rs",23,65
26,"2026-08-17-21-m14-pre-release-rerun","","completeness","remote-schema-guide-omits-http-feature","Remote SchemaStore recipe omits the required HTTP build feature","advisory","docs/yg/validation.md",3,5
26,"2026-08-17-21-m14-pre-release-rerun","","completeness","remote-schema-guide-omits-http-feature","Remote SchemaStore recipe omits the required HTTP build feature","advisory","docs/yg/validation.md",177,189
26,"2026-08-17-21-m14-pre-release-rerun","","completeness","remote-schema-guide-omits-http-feature","Remote SchemaStore recipe omits the required HTTP build feature","advisory","crates/yamalgam/src/commands/validate.rs",183,192
26,"2026-08-17-21-m14-pre-release-rerun","","completeness","configuration-environment-overlay-undocumented","Configuration environment overlays are absent from the reference","advisory","docs/yg/reference.md",195,204
26,"2026-08-17-21-m14-pre-release-rerun","","completeness","configuration-environment-overlay-undocumented","Configuration environment overlays are absent from the reference","advisory","crates/yamalgam/src/config.rs",320,351
27,"2026-08-17-23-pre-release-verify","","unsafe-and-memory","parser-default-constructors-disable-all-resource-limits","Parser::new and Parser::from_tokens silently select ResourceLimits::none()","moderate","crates/yamalgam-parser/src/parser.rs",99,136
27,"2026-08-17-23-pre-release-verify","","unsafe-and-memory","cst-recovery-span-shift-walks-the-native-stack","shift_element_spans is the last recursive tree walk in yamalgam-cst, on the error-recovery path","note","crates/yamalgam-cst/src/recovery.rs",91,115
27,"2026-08-17-23-pre-release-verify","","api-and-type-design","retriever-shared-override-bypassed-under-control","A downstream retrieve_shared override is silently bypassed on the controlled path","significant","crates/yamalgam-resolve/src/retriever/mod.rs",36,74
27,"2026-08-17-23-pre-release-verify","","api-and-type-design","public-third-party-types-without-reexport","Public APIs are built from 0.x third-party types that the crates do not re-export","significant","crates/yamalgam-query/src/engine.rs",51,64
27,"2026-08-17-23-pre-release-verify","","api-and-type-design","lsp-document-state-exposes-mutable-derived-state","DocumentState exposes the fields its own invariant depends on","moderate","crates/yamalgam-lsp/src/document.rs",23,33
27,"2026-08-17-23-pre-release-verify","","api-and-type-design","owned-and-borrowed-api-pairs-frozen-at-publish","Perf remediation added parallel owned/borrowed types instead of changing the originals","moderate","crates/yamalgam-cst/src/incremental.rs",19,35
27,"2026-08-17-23-pre-release-verify","","api-and-type-design","public-error-enums-missing-non-exhaustive","Public error enums are inconsistently marked #[non_exhaustive]","moderate","crates/yamalgam-compose/src/lib.rs",24,40
27,"2026-08-17-23-pre-release-verify","","api-and-type-design","token-class-exhaustive-across-downstream-trait","TokenClass is matched by downstream Decorator impls but is not #[non_exhaustive]","advisory","crates/yamalgam-emit/src/decorate.rs",5,36
27,"2026-08-17-23-pre-release-verify","","api-and-type-design","retrieval-control-hidden-from-docs","RetrievalControl is exported from the crate root but hidden from rustdoc","advisory","crates/yamalgam-resolve/src/retriever/mod.rs",159,171
27,"2026-08-17-23-pre-release-verify","","error-handling","schema-semantic-digest-omits-collection-boundaries","SchemaDocument::semantic_digest collides across structurally different schemas","moderate","crates/yamalgam-schema/src/retrieval.rs",3502,3523
27,"2026-08-17-23-pre-release-verify","","error-handling","lsp-document-notifications-bypass-panic-isolation","LSP document notifications run the parser on the main loop thread with no panic guard","moderate","crates/yamalgam-lsp/src/server.rs",89,101
27,"2026-08-17-23-pre-release-verify","","error-handling","incremental-document-new-asserts-instead-of-returning","IncrementalDocument::new is infallible but asserts a whole-parser invariant on caller input","advisory","crates/yamalgam-cst/src/incremental.rs",171,187
27,"2026-08-17-23-pre-release-verify","","error-handling","input-size-limit-arithmetic-overflows-at-usize-max","Streaming input-size guard overflows and silently reads zero bytes","advisory","crates/yamalgam-scanner/src/input.rs",189,202
27,"2026-08-17-23-pre-release-verify","","error-handling","incremental-editing-surfaces-are-unfuzzed","The M14 incremental-editing path and the hand-rolled JSON validator have no fuzz target","advisory","fuzz/Cargo.toml",11,19
27,"2026-08-17-23-pre-release-verify","","concurrency","unbounded-condvar-wait-on-public-schema-session-path","Public schema-load path waits on an unbounded Condvar while every peer wait is bounded","moderate","crates/yamalgam-schema/src/retrieval.rs",2563,2580
27,"2026-08-17-23-pre-release-verify","","concurrency","lsp-main-loop-blocks-30s-on-notification-diagnostics","didChange diagnostics run inline on the select loop, freezing cancellation for up to 30 seconds","moderate","crates/yamalgam-lsp/src/server.rs",83,108
27,"2026-08-17-23-pre-release-verify","","concurrency","http-fetch-pool-drop-joins-abandoned-fetches","Dropping HttpRetriever joins workers that ignore the abandonment flag once a fetch has started","advisory","crates/yamalgam-resolve/src/retriever/http.rs",266,281
27,"2026-08-17-23-pre-release-verify","","concurrency","http-fetch-pool-drop-joins-abandoned-fetches","Dropping HttpRetriever joins workers that ignore the abandonment flag once a fetch has started","advisory","crates/yamalgam-resolve/src/retriever/http.rs",246,264
27,"2026-08-17-23-pre-release-verify","","supply-chain","workspace-keywords-categories-never-inherited","keywords and categories are declared workspace-wide but inherited by no crate","significant","Cargo.toml",7,19
27,"2026-08-17-23-pre-release-verify","","supply-chain","feature-matrix-and-package-check-unenforced","just feature-matrix and just package-check run in neither just check nor CI","significant",".justfile",148,164
27,"2026-08-17-23-pre-release-verify","","supply-chain","ci-toolchain-overrides-repo-pin","Every CI job installs floating stable, overriding the 1.97.1 toolchain pin","moderate",".github/workflows/ci.yml",68,72
27,"2026-08-17-23-pre-release-verify","","supply-chain","librebar-cli-feature-links-unused-clap-generators","librebar's cli feature links clap_complete, clap_mangen, and roff into the shipped yg binary","moderate","crates/yamalgam/Cargo.toml",76,78
27,"2026-08-17-23-pre-release-verify","","supply-chain","http-feature-is-the-only-native-code-and-build-script-path","The http feature is the sole entry point for a build script and C/assembly compilation","advisory","crates/yamalgam-resolve/Cargo.toml",16,26
27,"2026-08-17-23-pre-release-verify","","supply-chain","deny-sources-policy-only-warns","cargo-deny's sources policy warns instead of denying, so +sources ok+ is weaker than it reads","advisory",".config/deny.toml",116,127
27,"2026-08-17-23-pre-release-verify","","supply-chain","rowan-016-pins-rustc-hash-1-and-hashbrown-014","rowan 0.16 holds rustc-hash at 1.1.0 and adds a second hashbrown to the graph","note","crates/yamalgam-cst/Cargo.toml",20,26
27,"2026-08-17-23-pre-release-verify","","supply-chain","release-binaries-built-with-default-features-only","Every distributed yg binary is built with default features, so yg validate is absent","note",".github/workflows/cd.yml",95,104
27,"2026-08-17-23-pre-release-verify","","performance","emitter-allocates-a-string-per-mapping-key","Every mapping key allocates a String via into_owned(), even when borrowed","moderate","crates/yamalgam-emit/src/emitter.rs",1249,1261
27,"2026-08-17-23-pre-release-verify","","performance","lsp-resource-currency-check-is-quadratic-per-request","watch_and_is_current re-validates every previously watched resource on each new one","moderate","crates/yamalgam-lsp/src/server.rs",519,548
27,"2026-08-17-23-pre-release-verify","","completeness","compliance-harness-does-not-assert-invalid-input-rejection","README's +94 invalid cases are rejected+ is the one compliance number no test enforces","significant","crates/yamalgam-compare/tests/compliance.rs",204,225
27,"2026-08-17-23-pre-release-verify","","completeness","reference-flags-omit-required-http-feature","docs/yg/reference.md ships a runnable network example that exits 2 on the default build","significant","docs/yg/reference.md",44,52
27,"2026-08-17-23-pre-release-verify","","completeness","schema-config-keys-break-the-default-build","The documented config block makes every yg invocation exit 2 on a default install","significant","docs/yg/reference.md",159,177
27,"2026-08-17-23-pre-release-verify","","completeness","serde-merge-and-duplicate-key-divergences-undocumented","The Serde path silently drops merge keys and silently accepts duplicate keys, documented only in test comments","significant","crates/yamalgam-serde/tests/compat.rs",184,198
27,"2026-08-17-23-pre-release-verify","","completeness","event-compliance-figure-excludes-tag-comparison","The 277-case event-match figure is measured by a comparator that skips tags","moderate","crates/yamalgam-compare/tests/compliance.rs",155,164
27,"2026-08-17-23-pre-release-verify","","completeness","cst-round-trip-figure-is-stale-and-unbacked","+CST round-trip fidelity 343/351+ survives from Milestone 8 and matches no current artifact","moderate","README.md",46,51
27,"2026-08-17-23-pre-release-verify","","completeness","roadmap-still-advertises-350-of-351","The roadmap the README links still reports the compliance number that was just corrected","moderate","record/superpowers/plans/README.md",258,266
27,"2026-08-17-23-pre-release-verify","","completeness","validate-http-gate-lacks-usage-error","yg validate fails opaquely without the http feature where yg query fails clearly","moderate","crates/yamalgam/src/commands/validate.rs",247,271
27,"2026-08-17-23-pre-release-verify","","completeness","utf16-and-utf32-input-unreachable-from-public-api","The BOM/UTF-16/UTF-32 decoder exists but no shipped entry point routes through it","moderate","crates/yamalgam-serde/src/lib.rs",187,205
27,"2026-08-17-23-pre-release-verify","","completeness","lsp-server-config-exposes-inert-schemastore-fields","ServerConfig publishes two SchemaStore fields that no code path reads","advisory","crates/yamalgam-lsp/src/config.rs",7,20
27,"2026-08-17-23-pre-release-verify","","completeness","no-way-to-see-which-cargo-features-are-compiled-in","yg doctor cannot answer the question its own docs send users to it with","advisory","crates/yamalgam/src/commands/doctor.rs",111,123
27,"2026-08-17-23-pre-release-verify","","completeness","in-place-conflict-list-is-incomplete","reference.md lists four -i conflicts; the CLI enforces six","note","docs/yg/reference.md",40,42